<?xml version="1.0" encoding="UTF-8"?>
<beans xmlns="http://www.springframework.org/schema/beans"
	xmlns:xsi="http://www.w3.org/2001/XMLSchema-instance"
	xsi:schemaLocation="http://www.springframework.org/schema/beans http://www.springframework.org/schema/beans/spring-beans.xsd">

	<bean name="empAddress" class="kr.human.di.vo.EmployeeAddress">
		<constructor-arg value="인계동 110"/>
		<constructor-arg value="수원시 팔달구"/>
	</bean>
	<!-- 1. 지금까지의 의존성 주입 : 수동으로 했다.  -->
	<bean name="emp1" class="kr.human.di.vo.Employee">
		<property name="address" ref="empAddress"/>
	</bean>
	<!-- 2. 자동으로 의존성을 주입해 보겠다. -->
	<!-- autowire="byName" : 이름이 같은 놈이 있으면 자동으로 주입해라!!! -->
	<bean name="emp2" class="kr.human.di.vo.Employee" autowire="byName"/>
	
	<!-- autowire="byType" : 타입이 같은 놈이 있으면 자동으로 주입해라!!! -->
	<bean name="emp3" class="kr.human.di.vo.Employee" autowire="byType"/>

</beans>