<?xml version="1.0" encoding="UTF-8"?>
<beans xmlns="http://www.springframework.org/schema/beans"
	xmlns:xsi="http://www.w3.org/2001/XMLSchema-instance"
	xsi:schemaLocation="http://www.springframework.org/schema/beans http://www.springframework.org/schema/beans/spring-beans.xsd">

	<bean name="applicationUser" class="kr.human.di.vo.ApplicationUser">
		<constructor-arg value="최고관리자"/>
	</bean>
	<!-- 1. 지금까지의 의존성 주입 : 수동으로 했다.  -->
	<bean name="application1" class="kr.human.di.vo.Application">
		<constructor-arg ref="applicationUser"/>
	</bean>
	<!-- 2. 자동으로 의존성을 주입해 보겠다. -->
	<!-- autowire="byName" : 이름이 같은 놈이 있으면 자동으로 주입해라!!! -->
	<bean name="application2" class="kr.human.di.vo.Application" autowire="byName"/>
	
	<!-- autowire="byType" : 타입이 같은 놈이 있으면 자동으로 주입해라!!! -->
	<bean name="application3" class="kr.human.di.vo.Application" autowire="byType"/>

	<bean name="application4" class="kr.human.di.vo.Application" autowire="no"/>

	<bean name="application5" class="kr.human.di.vo.Application" autowire="constructor"/>
</beans>