<?xml version="1.0" encoding="UTF-8"?>
<!DOCTYPE mapper
  PUBLIC "-//mybatis.org//DTD Mapper 3.0//EN"
  "http://mybatis.org/dtd/mybatis-3-mapper.dtd">
<mapper namespace="kr.human.mvc.dao.MemoDAO">
	<!-- namespace와 인터페이스 이름이 일치해야 자동으로 구현된다. -->
	<!-- 1. 개수세기 -->
	<select id="selectCount" resultType="int">
		select count(*) from memo
	</select>
	<!-- 2. 1개얻기 -->
	<select id="selectByIdx" parameterType="int" resultType="MemoVO">
		select * from memo where idx=#{idx}
	</select>
	<!-- 3. 1페이지 얻기 -->
	<select id="selectList" parameterType="hashmap" resultType="MemoVO">
		select 
			R.*
		from
			(select
				rownum rnum, Q.*
			from
				(select * from memo order by idx desc) Q
			where
				<![CDATA[
				rownum <= #{endNo}
				]]>
			) R
		where
			<![CDATA[
			rnum >= #{startNo}
			]]>
	</select>
	<!-- 4. 저장하기 -->
	<insert id="insert" parameterType="MemoVO">
		insert into 
			memo 
		values 
			(memo_idx_seq.nextval, #{name},#{password},#{content},sysdate,#{ip})
	</insert>
	<!-- 5. 수정하기 -->
	<update id="update" parameterType="MemoVO">
		update memo set content=#{content}, regdate=sysdate, ip=#{ip} where idx=#{idx}
	</update>
	<!-- 6. 삭제하기 -->
	<delete id="delete" parameterType="int">
		delete from memo where idx=#{idx}
	</delete>
</mapper>  