<?xml version="1.0" encoding="UTF-8"?>
<beans xmlns="http://www.springframework.org/schema/beans"
	xmlns:xsi="http://www.w3.org/2001/XMLSchema-instance"
	xmlns:context="http://www.springframework.org/schema/context"
	xsi:schemaLocation="http://www.springframework.org/schema/beans http://www.springframework.org/schema/beans/spring-beans.xsd
		http://www.springframework.org/schema/context http://www.springframework.org/schema/context/spring-context-4.3.xsd">

	<!-- 자동으로 스캔해서 빈을 등록해라. -->
	<context:component-scan base-package="kr.human.app"/>
	<!-- 프로퍼티 파일을 사용하겠다. -->
	<context:property-placeholder location="classpath:jdbc.properties"/>

	<bean id="dataSource" class="org.springframework.jdbc.datasource.DriverManagerDataSource">
        <property name="driverClassName" value="${m.driver}" />
        <property name="url" value="${m.url}" />
        <property name="username" value="${m.username}" />
        <property name="password" value="${m.password}" />
    </bean>
    
    <!-- 하이버 네이트 등록 -->
	<bean id="sessionFactory"  class="org.springframework.orm.hibernate5.LocalSessionFactoryBean">
		<property name="dataSource" ref="dataSource"></property>
		<property name="packagesToScan">
			<list>
				<value>kr.human.app.vo</value>
			</list>
		</property>
		<property name="hibernateProperties">
			<props>
				<prop key="hibernate.dialect">${hibernate.dialect}</prop>		
				<prop key="hibernate.show_sql">${hibernate.show_sql:false}</prop>
                <prop key="hibernate.format_sql">${hibernate.format_sql:false}</prop>	
			</props>
		</property>
	</bean>
	<!-- 트랜젝션 메니저 등록 -->
	<bean id="transactionManager" class="org.springframework.orm.hibernate5.HibernateTransactionManager">
		<property name="sessionFactory" ref="sessionFactory"></property>
	</bean>
</beans>
