<?xml version="1.0" encoding="UTF-8"?>
<!DOCTYPE mapper
  PUBLIC "-//mybatis.org//DTD Mapper 3.0//EN"
  "http://mybatis.org/dtd/mybatis-3-mapper.dtd">
<mapper namespace="com.human.web01.dao.MyMemDAO">
	<!-- namespace와 인터페이스 이름이 일치해야 자동으로 구현된다. -->
	<!-- 1. 가입 -->
	<insert id="insert" parameterType="MyMemVO">
		INSERT INTO mymem 
		VALUES
			(mymem_idx_seq.nextval,#{userid},#{password},#{username},#{phone},#{point},sysdate,#{lev})	
	</insert>
	<!-- 2. 전체보기 -->
	<select id="selectAll" resultType="MyMemVO">
		select * from mymem order by idx desc
	</select>
	<!-- 3. 자세히보기 -->
	<!-- 아이디 찾기 : 이름, 전화번호 ==> 이름과 전화번호로 찾는 쿼리 있어야 한다. -->
	<!-- 비번 찾기 : 아이디 ==> 아이디로 찾는 쿼리 있어야 한다. -->
	<select id="selectByIdx" parameterType="int" resultType="MyMemVO">
		select * from mymem where idx=#{idx}
	</select>
	<!-- 4. 수정 -->
	<update id="update" parameterType="MyMemVO">
		update mymem set username= #{username}, phone=#{phone} , lev=#{lev} where idx = #{idx}
	</update>
	<!-- 5. 삭제 -->
	<delete id="delete" parameterType="int">
		delete from mymem  where idx = #{idx}
	</delete>
	<!-- 6. 아이디 중복확인 -->
	<select  id="selectByUseridCount" parameterType="string" resultType="int">
		select count(*) from mymem where userid=#{userid}
	</select>
</mapper>  