<?xml version="1.0" encoding="UTF-8"?>
<beans xmlns="http://www.springframework.org/schema/beans"
	xmlns:xsi="http://www.w3.org/2001/XMLSchema-instance"
	xsi:schemaLocation="http://www.springframework.org/schema/beans http://www.springframework.org/schema/beans/spring-beans.xsd">

	<!-- 객체 등록  : bean 태그가 new와 같다. -->
	<bean name="encryption" class="kr.human.di.vo.MD5Encryption"/>
	
	<!-- 생성자를 통한 의존성 주입 -->
	<bean name="communication1" class="kr.human.di.service.Communication2">
		<constructor-arg ref="encryption"/> <!-- 생성자를 통한 의존성 주입 -->
	</bean>
	
	<bean name="communication2" class="kr.human.di.service.Communication2">
		<constructor-arg> <!-- 생성자를 통한 의존성 주입 -->
			<ref bean="encryption"/>
		</constructor-arg>
	</bean>

	<bean name="communication3" class="kr.human.di.service.Communication2">
		<constructor-arg> <!-- 생성자를 통한 의존성 주입 -->
			<bean class="kr.human.di.vo.RSAEncryption"></bean>
		</constructor-arg>
	</bean>
	
</beans>