<?xml version="1.0" encoding="UTF-8"?>
<beans xmlns="http://www.springframework.org/schema/beans"
	xmlns:xsi="http://www.w3.org/2001/XMLSchema-instance"
	xmlns:batch="http://www.springframework.org/schema/batch"
	xsi:schemaLocation="http://www.springframework.org/schema/batch http://www.springframework.org/schema/batch/spring-batch.xsd
		http://www.springframework.org/schema/beans http://www.springframework.org/schema/beans/spring-beans.xsd">
	
	<!-- DB연결 정보를 임포트 한다. -->
	<import resource="classpath:context-datasource.xml" />
	
	<!-- 일을 저장할 저장소를 만든다. -->
	<bean id="jobRepository" class="org.springframework.batch.core.repository.support.MapJobRepositoryFactoryBean" />
 
    <bean id="jobLauncher"   class="org.springframework.batch.core.launch.support.SimpleJobLauncher">
        <property name="jobRepository" ref="jobRepository" />
    </bean>
    
    <!-- 일을 등록한다. -->	
    <!-- 1. 읽기 등록 -->
    <!-- XML 파일을 읽을때는 StaxEventItemReader를 이용한다. -->
    <bean id="xmlItemReader" class="org.springframework.batch.item.xml.StaxEventItemReader"  scope="step">
    	<!-- 읽은 파일명 지정 -->
        <property name="resource" value="classpath:examResult.xml" />
        <!-- 요소개의 태그이름 -->
        <property name="fragmentRootElementName" value="examResult"/>
        <!-- 언마샬링 지정 -->
        <property name="unmarshaller">
        	<bean class="org.springframework.oxm.jaxb.Jaxb2Marshaller">
        		<property name="classesToBeBound">
        			<list>
        				<value>kr.human.app.vo.ExamResult</value>
        			</list>
        		</property>
        	</bean>
        </property>
    </bean>
    <!-- 2. 쓰기 등록 -->
    <!-- DB로 쓰기할때는 JdbcBatchItemWriter를 이용한다. -->
    <bean id="jdbcItemWriter" class="org.springframework.batch.item.database.JdbcBatchItemWriter">
    	<property name="dataSource" ref="dataSource"/>
    	<property name="sql">
    		<value>
	    		<![CDATA[
	    			insert into examresult (name,date,score) values (?,?,?)
	    		]]>
    		</value>
    	</property>
    	<property name="itemPreparedStatementSetter">
    		<bean class="kr.human.app.service.ExamResultItemPreparedStatementSetter"/>
    	</property>
    </bean>
     <!-- 텍스트로 쓰기 -->
     <!-- 텍스트로 쓰기를 하려면 FlatFileItemWriter를 사용한다. -->
     <bean id="flatFileItemWriter"
		class="org.springframework.batch.item.file.FlatFileItemWriter"
		scope="step">
		<property name="resource" value="file:examResult2.txt" />
		<property name="lineAggregator">
			<bean
				class="org.springframework.batch.item.file.transform.DelimitedLineAggregator">
				<property name="delimiter" value="," />
				<property name="fieldExtractor">
					<bean
						class="org.springframework.batch.item.file.transform.BeanWrapperFieldExtractor">
						<property name="names" value="name,score,date" />
					</bean>
				</property>
			</bean>
		</property>
	</bean>
    
    <!-- 선택사항 : 1줄씩 처리할때 사용할 클래스 지정 -->
    <bean id="itemProcessor" class="kr.human.app.service.ExamResultItemProcessor" />
 
    <!-- 선택사항 : 작업을 시작하고 종료할때 사용할 클래스 지정 -->
    <bean id="jobListener" class="kr.human.app.service.ExamResultJobListener" />
 
    <!--트랜젝션 메니저 지정 -->
    <bean id="transactionManager" class="org.springframework.batch.support.transaction.ResourcelessTransactionManager" />
    
    <!-- 실제 처리할 일의 순서를 지정한다. 실행기이다. -->
    <batch:job id="examResultJob">
        <batch:step id="step1" next="step2">
            <batch:tasklet transaction-manager="transactionManager">
                <batch:chunk reader="xmlItemReader" writer="jdbcItemWriter"  processor="itemProcessor" commit-interval="10" />
            </batch:tasklet>
        </batch:step>
        <batch:step id="step2">
            <batch:tasklet transaction-manager="transactionManager">
                <batch:chunk reader="xmlItemReader" writer="flatFileItemWriter"  processor="itemProcessor" commit-interval="10" />
            </batch:tasklet>
        </batch:step>
        <batch:listeners>
            <batch:listener ref="jobListener" />
        </batch:listeners>
    </batch:job>
</beans>		