<?xml version="1.0" encoding="UTF-8"?>
<beans xmlns="http://www.springframework.org/schema/beans"
	xmlns:xsi="http://www.w3.org/2001/XMLSchema-instance"
	xmlns:context="http://www.springframework.org/schema/context"
	xsi:schemaLocation="http://www.springframework.org/schema/beans http://www.springframework.org/schema/beans/spring-beans.xsd http://www.springframework.org/schema/context http://www.springframework.org/schema/context/spring-context-4.3.xsd">
	
	<!-- 지정한 패키지의 모든 클래스를 읽어서 자동으로 등록해라!!!! -->
	<context:component-scan base-package="kr.human.app"></context:component-scan>
	
	<!-- PropertySourcesPlaceholderConfigurer 객체 등록 -->
	<bean class="org.springframework.context.support.PropertySourcesPlaceholderConfigurer">
		<property name="ignoreUnresolvablePlaceholders" value="true"/>
        <property name="locations">
          <list>
            <value>classpath:application.properties</value>
          </list>
        </property>
	</bean>

</beans>