<?xml version="1.0" encoding="UTF-8"?>
<천자문>
	<hanjaVO index="1">
		<h>天</h>
		<k>하늘 천</k>
	</hanjaVO>
	<hanjaVO index="2">
		<h>地</h>
		<k>땅 지</k>
	</hanjaVO>
	<hanjaVO index="3">
		<h>玄</h>
		<k>검을 현</k>
	</hanjaVO>
	<hanjaVO index="4">
		<h>黃</h>
		<k>누를 황</k>
	</hanjaVO>
	<hanjaVO index="5">
		<h>宇</h>
		<k>집 우</k>
	</hanjaVO>
	<hanjaVO index="6">
		<h>宙</h>
		<k>집 주</k>
	</hanjaVO>
	<hanjaVO index="7">
		<h>洪</h>
		<k>넓을 홍</k>
	</hanjaVO>
	<hanjaVO index="8">
		<h>荒</h>
		<k>거칠 황</k>
	</hanjaVO>
	<hanjaVO index="9">
		<h>日</h>
		<k>날 일</k>
	</hanjaVO>
	<hanjaVO index="10">
		<h>月</h>
		<k>달 월</k>
	</hanjaVO>
	<hanjaVO index="11">
		<h>盈</h>
		<k>찰 영</k>
	</hanjaVO>
	<hanjaVO index="12">
		<h>昃</h>
		<k>기울 측</k>
	</hanjaVO>
	<hanjaVO index="13">
		<h>辰</h>
		<k>별 진</k>
	</hanjaVO>
	<hanjaVO index="14">
		<h>宿</h>
		<k>잘 숙</k>
	</hanjaVO>
	<hanjaVO index="15">
		<h>列</h>
		<k>벌일 열</k>
	</hanjaVO>
	<hanjaVO index="16">
		<h>張</h>
		<k>베풀 장</k>
	</hanjaVO>
	<hanjaVO index="17">
		<h>寒</h>
		<k>찰 한</k>
	</hanjaVO>
	<hanjaVO index="18">
		<h>來</h>
		<k>올 래</k>
	</hanjaVO>
	<hanjaVO index="19">
		<h>暑</h>
		<k>더울 서</k>
	</hanjaVO>
	<hanjaVO index="20">
		<h>往</h>
		<k>갈 왕</k>
	</hanjaVO>
	<hanjaVO index="21">
		<h>秋</h>
		<k>가을 추</k>
	</hanjaVO>
	<hanjaVO index="22">
		<h>收</h>
		<k>거둘 수</k>
	</hanjaVO>
	<hanjaVO index="23">
		<h>冬</h>
		<k>겨울 동</k>
	</hanjaVO>
	<hanjaVO index="24">
		<h>藏</h>
		<k>감출 장</k>
	</hanjaVO>
	<hanjaVO index="25">
		<h>閏</h>
		<k>윤달 윤</k>
	</hanjaVO>
	<hanjaVO index="26">
		<h>餘</h>
		<k>남을 여</k>
	</hanjaVO>
	<hanjaVO index="27">
		<h>成</h>
		<k>이룰 성</k>
	</hanjaVO>
	<hanjaVO index="28">
		<h>歲</h>
		<k>해 세</k>
	</hanjaVO>
	<hanjaVO index="29">
		<h>律</h>
		<k>가락 률</k>
	</hanjaVO>
	<hanjaVO index="30">
		<h>呂</h>
		<k>음률 려</k>
	</hanjaVO>
	<hanjaVO index="31">
		<h>調</h>
		<k>고를 조</k>
	</hanjaVO>
	<hanjaVO index="32">
		<h>陽</h>
		<k>볕 양</k>
	</hanjaVO>
	<hanjaVO index="33">
		<h>雲</h>
		<k>구름 운</k>
	</hanjaVO>
	<hanjaVO index="34">
		<h>騰</h>
		<k>오를 등</k>
	</hanjaVO>
	<hanjaVO index="35">
		<h>致</h>
		<k>이를 치</k>
	</hanjaVO>
	<hanjaVO index="36">
		<h>雨</h>
		<k>비 우</k>
	</hanjaVO>
	<hanjaVO index="37">
		<h>露</h>
		<k>이슬 로</k>
	</hanjaVO>
	<hanjaVO index="38">
		<h>結</h>
		<k>맺을 결</k>
	</hanjaVO>
	<hanjaVO index="39">
		<h>爲</h>
		<k>할 위</k>
	</hanjaVO>
	<hanjaVO index="40">
		<h>霜</h>
		<k>서리 상</k>
	</hanjaVO>
	<hanjaVO index="41">
		<h>金</h>
		<k>쇠 금</k>
	</hanjaVO>
	<hanjaVO index="42">
		<h>生</h>
		<k>낳을 생</k>
	</hanjaVO>
	<hanjaVO index="43">
		<h>麗</h>
		<k>고울 려</k>
	</hanjaVO>
	<hanjaVO index="44">
		<h>水</h>
		<k>물 수</k>
	</hanjaVO>
	<hanjaVO index="45">
		<h>玉</h>
		<k>구슬 옥</k>
	</hanjaVO>
	<hanjaVO index="46">
		<h>出</h>
		<k>날 출</k>
	</hanjaVO>
	<hanjaVO index="47">
		<h>崑</h>
		<k>메 곤</k>
	</hanjaVO>
	<hanjaVO index="48">
		<h>岡</h>
		<k>메 강</k>
	</hanjaVO>
	<hanjaVO index="49">
		<h>劍</h>
		<k>칼 검</k>
	</hanjaVO>
	<hanjaVO index="50">
		<h>號</h>
		<k>이름 호</k>
	</hanjaVO>
	<hanjaVO index="51">
		<h>巨</h>
		<k>클 거</k>
	</hanjaVO>
	<hanjaVO index="52">
		<h>闕</h>
		<k>대궐 궐</k>
	</hanjaVO>
	<hanjaVO index="53">
		<h>珠</h>
		<k>구슬 주</k>
	</hanjaVO>
	<hanjaVO index="54">
		<h>稱</h>
		<k>일컬을 칭</k>
	</hanjaVO>
	<hanjaVO index="55">
		<h>夜</h>
		<k>밤 야</k>
	</hanjaVO>
	<hanjaVO index="56">
		<h>光</h>
		<k>빛 광</k>
	</hanjaVO>
	<hanjaVO index="57">
		<h>果</h>
		<k>과실 과</k>
	</hanjaVO>
	<hanjaVO index="58">
		<h>珍</h>
		<k>보배 진</k>
	</hanjaVO>
	<hanjaVO index="59">
		<h>李</h>
		<k>오얏 리</k>
	</hanjaVO>
	<hanjaVO index="60">
		<h>柰</h>
		<k>능금나무 내</k>
	</hanjaVO>
	<hanjaVO index="61">
		<h>菜</h>
		<k>나물 채</k>
	</hanjaVO>
	<hanjaVO index="62">
		<h>重</h>
		<k>무거울 중</k>
	</hanjaVO>
	<hanjaVO index="63">
		<h>芥</h>
		<k>겨자 개</k>
	</hanjaVO>
	<hanjaVO index="64">
		<h>薑</h>
		<k>생강 강</k>
	</hanjaVO>
	<hanjaVO index="65">
		<h>海</h>
		<k>바다 해</k>
	</hanjaVO>
	<hanjaVO index="66">
		<h>鹹</h>
		<k>짤 함</k>
	</hanjaVO>
	<hanjaVO index="67">
		<h>河</h>
		<k>물 하</k>
	</hanjaVO>
	<hanjaVO index="68">
		<h>淡</h>
		<k>묽을 담</k>
	</hanjaVO>
	<hanjaVO index="69">
		<h>鱗</h>
		<k>비늘 린</k>
	</hanjaVO>
	<hanjaVO index="70">
		<h>潛</h>
		<k>잠길 잠</k>
	</hanjaVO>
	<hanjaVO index="71">
		<h>羽</h>
		<k>깃 우</k>
	</hanjaVO>
	<hanjaVO index="72">
		<h>翔</h>
		<k>높이 날 상</k>
	</hanjaVO>
	<hanjaVO index="73">
		<h>龍</h>
		<k>용 룡</k>
	</hanjaVO>
	<hanjaVO index="74">
		<h>師</h>
		<k>스승 사</k>
	</hanjaVO>
	<hanjaVO index="75">
		<h>火</h>
		<k>불 화</k>
	</hanjaVO>
	<hanjaVO index="76">
		<h>帝</h>
		<k>임금 제</k>
	</hanjaVO>
	<hanjaVO index="77">
		<h>鳥</h>
		<k>새 조</k>
	</hanjaVO>
	<hanjaVO index="78">
		<h>官</h>
		<k>벼슬 관</k>
	</hanjaVO>
	<hanjaVO index="79">
		<h>人</h>
		<k>사람 인</k>
	</hanjaVO>
	<hanjaVO index="80">
		<h>皇</h>
		<k>임금 황</k>
	</hanjaVO>
	<hanjaVO index="81">
		<h>始</h>
		<k>처음 시</k>
	</hanjaVO>
	<hanjaVO index="82">
		<h>制</h>
		<k>지을 제</k>
	</hanjaVO>
	<hanjaVO index="83">
		<h>文</h>
		<k>글월 문</k>
	</hanjaVO>
	<hanjaVO index="84">
		<h>字</h>
		<k>글자 자</k>
	</hanjaVO>
	<hanjaVO index="85">
		<h>乃</h>
		<k>이에 내</k>
	</hanjaVO>
	<hanjaVO index="86">
		<h>服</h>
		<k>옷 복</k>
	</hanjaVO>
	<hanjaVO index="87">
		<h>衣</h>
		<k>옷 의</k>
	</hanjaVO>
	<hanjaVO index="88">
		<h>裳</h>
		<k>치마 상</k>
	</hanjaVO>
	<hanjaVO index="89">
		<h>推</h>
		<k>밀 추</k>
	</hanjaVO>
	<hanjaVO index="90">
		<h>位</h>
		<k>자리 위</k>
	</hanjaVO>
	<hanjaVO index="91">
		<h>讓</h>
		<k>사양할 양</k>
	</hanjaVO>
	<hanjaVO index="92">
		<h>國</h>
		<k>나라 국</k>
	</hanjaVO>
	<hanjaVO index="93">
		<h>有</h>
		<k>있을 유</k>
	</hanjaVO>
	<hanjaVO index="94">
		<h>虞</h>
		<k>헤아릴 우</k>
	</hanjaVO>
	<hanjaVO index="95">
		<h>陶</h>
		<k>질그릇 도</k>
	</hanjaVO>
	<hanjaVO index="96">
		<h>唐</h>
		<k>당나라 당</k>
	</hanjaVO>
	<hanjaVO index="97">
		<h>弔</h>
		<k>슬퍼할 조</k>
	</hanjaVO>
	<hanjaVO index="98">
		<h>民</h>
		<k>백성 민</k>
	</hanjaVO>
	<hanjaVO index="99">
		<h>伐</h>
		<k>칠 벌</k>
	</hanjaVO>
	<hanjaVO index="100">
		<h>罪</h>
		<k>허물 죄</k>
	</hanjaVO>
	<hanjaVO index="101">
		<h>周</h>
		<k>두루 주</k>
	</hanjaVO>
	<hanjaVO index="102">
		<h>發</h>
		<k>필 발</k>
	</hanjaVO>
	<hanjaVO index="103">
		<h>殷</h>
		<k>나라이름 은</k>
	</hanjaVO>
	<hanjaVO index="104">
		<h>湯</h>
		<k>끓을 탕</k>
	</hanjaVO>
	<hanjaVO index="105">
		<h>坐</h>
		<k>앉을 좌</k>
	</hanjaVO>
	<hanjaVO index="106">
		<h>朝</h>
		<k>아침 조</k>
	</hanjaVO>
	<hanjaVO index="107">
		<h>問</h>
		<k>물을 문</k>
	</hanjaVO>
	<hanjaVO index="108">
		<h>道</h>
		<k>길/말할 도</k>
	</hanjaVO>
	<hanjaVO index="109">
		<h>垂</h>
		<k>드리울 수</k>
	</hanjaVO>
	<hanjaVO index="110">
		<h>拱</h>
		<k>껴안을 공</k>
	</hanjaVO>
	<hanjaVO index="111">
		<h>平</h>
		<k>평평할 평</k>
	</hanjaVO>
	<hanjaVO index="112">
		<h>章</h>
		<k>글월 장</k>
	</hanjaVO>
	<hanjaVO index="113">
		<h>愛</h>
		<k>사랑 애</k>
	</hanjaVO>
	<hanjaVO index="114">
		<h>育</h>
		<k>기를 육</k>
	</hanjaVO>
	<hanjaVO index="115">
		<h>黎</h>
		<k>검을 려</k>
	</hanjaVO>
	<hanjaVO index="116">
		<h>首</h>
		<k>머리 수</k>
	</hanjaVO>
	<hanjaVO index="117">
		<h>臣</h>
		<k>신하 신</k>
	</hanjaVO>
	<hanjaVO index="118">
		<h>伏</h>
		<k>엎드릴 복</k>
	</hanjaVO>
	<hanjaVO index="119">
		<h>戎</h>
		<k>오랑캐 융</k>
	</hanjaVO>
	<hanjaVO index="120">
		<h>羌</h>
		<k>종족이름 강</k>
	</hanjaVO>
	<hanjaVO index="121">
		<h>遐</h>
		<k>멀 하</k>
	</hanjaVO>
	<hanjaVO index="122">
		<h>邇</h>
		<k>가까울 이</k>
	</hanjaVO>
	<hanjaVO index="123">
		<h>壹</h>
		<k>한 일</k>
	</hanjaVO>
	<hanjaVO index="124">
		<h>體</h>
		<k>몸 체</k>
	</hanjaVO>
	<hanjaVO index="125">
		<h>率</h>
		<k>거느릴 솔/비율 률</k>
	</hanjaVO>
	<hanjaVO index="126">
		<h>賓</h>
		<k>손 빈</k>
	</hanjaVO>
	<hanjaVO index="127">
		<h>歸</h>
		<k>돌아갈 귀</k>
	</hanjaVO>
	<hanjaVO index="128">
		<h>王</h>
		<k>임금 왕</k>
	</hanjaVO>
	<hanjaVO index="129">
		<h>鳴</h>
		<k>울 명</k>
	</hanjaVO>
	<hanjaVO index="130">
		<h>鳳</h>
		<k>봉황새 봉</k>
	</hanjaVO>
	<hanjaVO index="131">
		<h>在</h>
		<k>있을 재</k>
	</hanjaVO>
	<hanjaVO index="132">
		<h>樹</h>
		<k>나무 수</k>
	</hanjaVO>
	<hanjaVO index="133">
		<h>白</h>
		<k>흰 백</k>
	</hanjaVO>
	<hanjaVO index="134">
		<h>駒</h>
		<k>망아지 구</k>
	</hanjaVO>
	<hanjaVO index="135">
		<h>食</h>
		<k>밥 식</k>
	</hanjaVO>
	<hanjaVO index="136">
		<h>場</h>
		<k>마당 장</k>
	</hanjaVO>
	<hanjaVO index="137">
		<h>化</h>
		<k>될 화</k>
	</hanjaVO>
	<hanjaVO index="138">
		<h>被</h>
		<k>입을 피</k>
	</hanjaVO>
	<hanjaVO index="139">
		<h>草</h>
		<k>풀 초</k>
	</hanjaVO>
	<hanjaVO index="140">
		<h>木</h>
		<k>나무 목</k>
	</hanjaVO>
	<hanjaVO index="141">
		<h>賴</h>
		<k>힘입을 뢰</k>
	</hanjaVO>
	<hanjaVO index="142">
		<h>及</h>
		<k>미칠 급</k>
	</hanjaVO>
	<hanjaVO index="143">
		<h>萬</h>
		<k>일만 만</k>
	</hanjaVO>
	<hanjaVO index="144">
		<h>方</h>
		<k>모 방</k>
	</hanjaVO>
	<hanjaVO index="145">
		<h>蓋</h>
		<k>덮을 개</k>
	</hanjaVO>
	<hanjaVO index="146">
		<h>此</h>
		<k>이 차</k>
	</hanjaVO>
	<hanjaVO index="147">
		<h>身</h>
		<k>몸 신</k>
	</hanjaVO>
	<hanjaVO index="148">
		<h>髮</h>
		<k>터럭 발</k>
	</hanjaVO>
	<hanjaVO index="149">
		<h>四</h>
		<k>넉 사</k>
	</hanjaVO>
	<hanjaVO index="150">
		<h>大</h>
		<k>큰 대</k>
	</hanjaVO>
	<hanjaVO index="151">
		<h>五</h>
		<k>다섯 오</k>
	</hanjaVO>
	<hanjaVO index="152">
		<h>常</h>
		<k>항상 상</k>
	</hanjaVO>
	<hanjaVO index="153">
		<h>恭</h>
		<k>공손할 공</k>
	</hanjaVO>
	<hanjaVO index="154">
		<h>惟</h>
		<k>오직 유</k>
	</hanjaVO>
	<hanjaVO index="155">
		<h>鞠</h>
		<k>국문할 국</k>
	</hanjaVO>
	<hanjaVO index="156">
		<h>養</h>
		<k>기를 양</k>
	</hanjaVO>
	<hanjaVO index="157">
		<h>豈</h>
		<k>어찌 기</k>
	</hanjaVO>
	<hanjaVO index="158">
		<h>敢</h>
		<k>감히 감</k>
	</hanjaVO>
	<hanjaVO index="159">
		<h>毁</h>
		<k>헐 훼</k>
	</hanjaVO>
	<hanjaVO index="160">
		<h>傷</h>
		<k>상할 상</k>
	</hanjaVO>
	<hanjaVO index="161">
		<h>女</h>
		<k>계집 녀</k>
	</hanjaVO>
	<hanjaVO index="162">
		<h>慕</h>
		<k>사모할 모</k>
	</hanjaVO>
	<hanjaVO index="163">
		<h>貞</h>
		<k>곧을 정</k>
	</hanjaVO>
	<hanjaVO index="164">
		<h>烈</h>
		<k>매울 렬</k>
	</hanjaVO>
	<hanjaVO index="165">
		<h>男</h>
		<k>사내 남</k>
	</hanjaVO>
	<hanjaVO index="166">
		<h>效</h>
		<k>본받을 효</k>
	</hanjaVO>
	<hanjaVO index="167">
		<h>才</h>
		<k>재주 재</k>
	</hanjaVO>
	<hanjaVO index="168">
		<h>良</h>
		<k>어질 량</k>
	</hanjaVO>
	<hanjaVO index="169">
		<h>知</h>
		<k>알 지</k>
	</hanjaVO>
	<hanjaVO index="170">
		<h>過</h>
		<k>지날/허물 과</k>
	</hanjaVO>
	<hanjaVO index="171">
		<h>必</h>
		<k>반드시 필</k>
	</hanjaVO>
	<hanjaVO index="172">
		<h>改</h>
		<k>고칠 개</k>
	</hanjaVO>
	<hanjaVO index="173">
		<h>得</h>
		<k>얻을 득</k>
	</hanjaVO>
	<hanjaVO index="174">
		<h>能</h>
		<k>능할 능</k>
	</hanjaVO>
	<hanjaVO index="175">
		<h>莫</h>
		<k>말 막</k>
	</hanjaVO>
	<hanjaVO index="176">
		<h>忘</h>
		<k>잊을 망</k>
	</hanjaVO>
	<hanjaVO index="177">
		<h>罔</h>
		<k>없을 망</k>
	</hanjaVO>
	<hanjaVO index="178">
		<h>談</h>
		<k>말씀 담</k>
	</hanjaVO>
	<hanjaVO index="179">
		<h>彼</h>
		<k>저 피</k>
	</hanjaVO>
	<hanjaVO index="180">
		<h>短</h>
		<k>짧을 단</k>
	</hanjaVO>
	<hanjaVO index="181">
		<h>靡</h>
		<k>아닐 미</k>
	</hanjaVO>
	<hanjaVO index="182">
		<h>恃</h>
		<k>믿을 시</k>
	</hanjaVO>
	<hanjaVO index="183">
		<h>己</h>
		<k>몸 기</k>
	</hanjaVO>
	<hanjaVO index="184">
		<h>長</h>
		<k>길 장</k>
	</hanjaVO>
	<hanjaVO index="185">
		<h>信</h>
		<k>믿을 신</k>
	</hanjaVO>
	<hanjaVO index="186">
		<h>使</h>
		<k>하여금 사</k>
	</hanjaVO>
	<hanjaVO index="187">
		<h>可</h>
		<k>옳을 가</k>
	</hanjaVO>
	<hanjaVO index="188">
		<h>覆</h>
		<k>뒤집힐 복</k>
	</hanjaVO>
	<hanjaVO index="189">
		<h>器</h>
		<k>그릇 기</k>
	</hanjaVO>
	<hanjaVO index="190">
		<h>欲</h>
		<k>하고자할 욕</k>
	</hanjaVO>
	<hanjaVO index="191">
		<h>難</h>
		<k>어려울 난</k>
	</hanjaVO>
	<hanjaVO index="192">
		<h>量</h>
		<k>헤아릴 량</k>
	</hanjaVO>
	<hanjaVO index="193">
		<h>墨</h>
		<k>먹 묵</k>
	</hanjaVO>
	<hanjaVO index="194">
		<h>悲</h>
		<k>슬플 비</k>
	</hanjaVO>
	<hanjaVO index="195">
		<h>絲</h>
		<k>실 사</k>
	</hanjaVO>
	<hanjaVO index="196">
		<h>染</h>
		<k>물들일 염</k>
	</hanjaVO>
	<hanjaVO index="197">
		<h>詩</h>
		<k>시 시</k>
	</hanjaVO>
	<hanjaVO index="198">
		<h>讚</h>
		<k>칭찬할 찬</k>
	</hanjaVO>
	<hanjaVO index="199">
		<h>羔</h>
		<k>새끼양 고</k>
	</hanjaVO>
	<hanjaVO index="200">
		<h>羊</h>
		<k>양 양</k>
	</hanjaVO>
	<hanjaVO index="201">
		<h>景</h>
		<k>경치 경</k>
	</hanjaVO>
	<hanjaVO index="202">
		<h>行</h>
		<k>다닐 행/항렬 항</k>
	</hanjaVO>
	<hanjaVO index="203">
		<h>維</h>
		<k>벼리 유</k>
	</hanjaVO>
	<hanjaVO index="204">
		<h>賢</h>
		<k>어질 현</k>
	</hanjaVO>
	<hanjaVO index="205">
		<h>克</h>
		<k>이길 극</k>
	</hanjaVO>
	<hanjaVO index="206">
		<h>念</h>
		<k>생각 념</k>
	</hanjaVO>
	<hanjaVO index="207">
		<h>作</h>
		<k>지을 작</k>
	</hanjaVO>
	<hanjaVO index="208">
		<h>聖</h>
		<k>성인 성</k>
	</hanjaVO>
	<hanjaVO index="209">
		<h>德</h>
		<k>덕 덕</k>
	</hanjaVO>
	<hanjaVO index="210">
		<h>建</h>
		<k>세울 건</k>
	</hanjaVO>
	<hanjaVO index="211">
		<h>名</h>
		<k>이름 명</k>
	</hanjaVO>
	<hanjaVO index="212">
		<h>立</h>
		<k>설 립</k>
	</hanjaVO>
	<hanjaVO index="213">
		<h>形</h>
		<k>모양 형</k>
	</hanjaVO>
	<hanjaVO index="214">
		<h>端</h>
		<k>바를 단</k>
	</hanjaVO>
	<hanjaVO index="215">
		<h>表</h>
		<k>겉 표</k>
	</hanjaVO>
	<hanjaVO index="216">
		<h>正</h>
		<k>바를 정</k>
	</hanjaVO>
	<hanjaVO index="217">
		<h>空</h>
		<k>빌 공</k>
	</hanjaVO>
	<hanjaVO index="218">
		<h>谷</h>
		<k>골 곡</k>
	</hanjaVO>
	<hanjaVO index="219">
		<h>傳</h>
		<k>전할 전</k>
	</hanjaVO>
	<hanjaVO index="220">
		<h>聲</h>
		<k>소리 성</k>
	</hanjaVO>
	<hanjaVO index="221">
		<h>虛</h>
		<k>빌 허</k>
	</hanjaVO>
	<hanjaVO index="222">
		<h>堂</h>
		<k>집 당</k>
	</hanjaVO>
	<hanjaVO index="223">
		<h>習</h>
		<k>익힐 습</k>
	</hanjaVO>
	<hanjaVO index="224">
		<h>聽</h>
		<k>들을 청</k>
	</hanjaVO>
	<hanjaVO index="225">
		<h>禍</h>
		<k>재앙 화</k>
	</hanjaVO>
	<hanjaVO index="226">
		<h>因</h>
		<k>인할 인</k>
	</hanjaVO>
	<hanjaVO index="227">
		<h>惡</h>
		<k>악할 악/미워할 오</k>
	</hanjaVO>
	<hanjaVO index="228">
		<h>積</h>
		<k>쌓을 적</k>
	</hanjaVO>
	<hanjaVO index="229">
		<h>福</h>
		<k>복 복</k>
	</hanjaVO>
	<hanjaVO index="230">
		<h>緣</h>
		<k>인연 연</k>
	</hanjaVO>
	<hanjaVO index="231">
		<h>善</h>
		<k>착할 선</k>
	</hanjaVO>
	<hanjaVO index="232">
		<h>慶</h>
		<k>경사 경</k>
	</hanjaVO>
	<hanjaVO index="233">
		<h>尺</h>
		<k>자 척</k>
	</hanjaVO>
	<hanjaVO index="234">
		<h>璧</h>
		<k>구슬 벽</k>
	</hanjaVO>
	<hanjaVO index="235">
		<h>非</h>
		<k>아닐 비</k>
	</hanjaVO>
	<hanjaVO index="236">
		<h>寶</h>
		<k>보배 보</k>
	</hanjaVO>
	<hanjaVO index="237">
		<h>寸</h>
		<k>마디 촌</k>
	</hanjaVO>
	<hanjaVO index="238">
		<h>陰</h>
		<k>그늘 음</k>
	</hanjaVO>
	<hanjaVO index="239">
		<h>是</h>
		<k>옳을/이 시</k>
	</hanjaVO>
	<hanjaVO index="240">
		<h>競</h>
		<k>다툴 경</k>
	</hanjaVO>
	<hanjaVO index="241">
		<h>資</h>
		<k>자료 자</k>
	</hanjaVO>
	<hanjaVO index="242">
		<h>父</h>
		<k>아비 부</k>
	</hanjaVO>
	<hanjaVO index="243">
		<h>事</h>
		<k>일/섬길 사</k>
	</hanjaVO>
	<hanjaVO index="244">
		<h>君</h>
		<k>임금 군</k>
	</hanjaVO>
	<hanjaVO index="245">
		<h>曰</h>
		<k>가로 왈</k>
	</hanjaVO>
	<hanjaVO index="246">
		<h>嚴</h>
		<k>엄할 엄</k>
	</hanjaVO>
	<hanjaVO index="247">
		<h>與</h>
		<k>더불 여</k>
	</hanjaVO>
	<hanjaVO index="248">
		<h>敬</h>
		<k>공경할 경</k>
	</hanjaVO>
	<hanjaVO index="249">
		<h>孝</h>
		<k>효도 효</k>
	</hanjaVO>
	<hanjaVO index="250">
		<h>當</h>
		<k>마땅할 당</k>
	</hanjaVO>
	<hanjaVO index="251">
		<h>竭</h>
		<k>다할 갈</k>
	</hanjaVO>
	<hanjaVO index="252">
		<h>力</h>
		<k>힘 력</k>
	</hanjaVO>
	<hanjaVO index="253">
		<h>忠</h>
		<k>충성 충</k>
	</hanjaVO>
	<hanjaVO index="254">
		<h>則</h>
		<k>곧 즉/법 칙</k>
	</hanjaVO>
	<hanjaVO index="255">
		<h>盡</h>
		<k>다할 진</k>
	</hanjaVO>
	<hanjaVO index="256">
		<h>命</h>
		<k>목숨 명</k>
	</hanjaVO>
	<hanjaVO index="257">
		<h>臨</h>
		<k>임할 림</k>
	</hanjaVO>
	<hanjaVO index="258">
		<h>深</h>
		<k>깊을 심</k>
	</hanjaVO>
	<hanjaVO index="259">
		<h>履</h>
		<k>밟을 리</k>
	</hanjaVO>
	<hanjaVO index="260">
		<h>薄</h>
		<k>얇을 박</k>
	</hanjaVO>
	<hanjaVO index="261">
		<h>夙</h>
		<k>일찍 숙</k>
	</hanjaVO>
	<hanjaVO index="262">
		<h>興</h>
		<k>흥할 흥</k>
	</hanjaVO>
	<hanjaVO index="263">
		<h>溫</h>
		<k>따뜻할 온</k>
	</hanjaVO>
	<hanjaVO index="264">
		<h>凊</h>
		<k>서늘할 정</k>
	</hanjaVO>
	<hanjaVO index="265">
		<h>似</h>
		<k>같을 사</k>
	</hanjaVO>
	<hanjaVO index="266">
		<h>蘭</h>
		<k>난초 란</k>
	</hanjaVO>
	<hanjaVO index="267">
		<h>斯</h>
		<k>이 사</k>
	</hanjaVO>
	<hanjaVO index="268">
		<h>馨</h>
		<k>향기 형</k>
	</hanjaVO>
	<hanjaVO index="269">
		<h>如</h>
		<k>같을 여</k>
	</hanjaVO>
	<hanjaVO index="270">
		<h>松</h>
		<k>소나무 송</k>
	</hanjaVO>
	<hanjaVO index="271">
		<h>之</h>
		<k>갈 지</k>
	</hanjaVO>
	<hanjaVO index="272">
		<h>盛</h>
		<k>성할 성</k>
	</hanjaVO>
	<hanjaVO index="273">
		<h>川</h>
		<k>내 천</k>
	</hanjaVO>
	<hanjaVO index="274">
		<h>流</h>
		<k>흐를 류</k>
	</hanjaVO>
	<hanjaVO index="275">
		<h>不</h>
		<k>아니 불</k>
	</hanjaVO>
	<hanjaVO index="276">
		<h>息</h>
		<k>쉴 식</k>
	</hanjaVO>
	<hanjaVO index="277">
		<h>淵</h>
		<k>못 연</k>
	</hanjaVO>
	<hanjaVO index="278">
		<h>澄</h>
		<k>맑을 징</k>
	</hanjaVO>
	<hanjaVO index="279">
		<h>取</h>
		<k>취할 취</k>
	</hanjaVO>
	<hanjaVO index="280">
		<h>暎</h>
		<k>비칠 영</k>
	</hanjaVO>
	<hanjaVO index="281">
		<h>容</h>
		<k>얼굴 용</k>
	</hanjaVO>
	<hanjaVO index="282">
		<h>止</h>
		<k>그칠 지</k>
	</hanjaVO>
	<hanjaVO index="283">
		<h>若</h>
		<k>같을 약</k>
	</hanjaVO>
	<hanjaVO index="284">
		<h>思</h>
		<k>생각 사</k>
	</hanjaVO>
	<hanjaVO index="285">
		<h>言</h>
		<k>말씀 언</k>
	</hanjaVO>
	<hanjaVO index="286">
		<h>辭</h>
		<k>말씀 사</k>
	</hanjaVO>
	<hanjaVO index="287">
		<h>安</h>
		<k>편안 안</k>
	</hanjaVO>
	<hanjaVO index="288">
		<h>定</h>
		<k>정할 정</k>
	</hanjaVO>
	<hanjaVO index="289">
		<h>篤</h>
		<k>도타울 독</k>
	</hanjaVO>
	<hanjaVO index="290">
		<h>初</h>
		<k>처음 초</k>
	</hanjaVO>
	<hanjaVO index="291">
		<h>誠</h>
		<k>정성 성</k>
	</hanjaVO>
	<hanjaVO index="292">
		<h>美</h>
		<k>아름다울 미</k>
	</hanjaVO>
	<hanjaVO index="293">
		<h>愼</h>
		<k>삼갈 신</k>
	</hanjaVO>
	<hanjaVO index="294">
		<h>終</h>
		<k>마지막 종</k>
	</hanjaVO>
	<hanjaVO index="295">
		<h>宜</h>
		<k>마땅 의</k>
	</hanjaVO>
	<hanjaVO index="296">
		<h>令</h>
		<k>하여금 령</k>
	</hanjaVO>
	<hanjaVO index="297">
		<h>榮</h>
		<k>영화 영</k>
	</hanjaVO>
	<hanjaVO index="298">
		<h>業</h>
		<k>업 업</k>
	</hanjaVO>
	<hanjaVO index="299">
		<h>所</h>
		<k>바 소</k>
	</hanjaVO>
	<hanjaVO index="300">
		<h>基</h>
		<k>터 기</k>
	</hanjaVO>
	<hanjaVO index="301">
		<h>籍</h>
		<k>호적 적</k>
	</hanjaVO>
	<hanjaVO index="302">
		<h>甚</h>
		<k>심할 심</k>
	</hanjaVO>
	<hanjaVO index="303">
		<h>無</h>
		<k>없을 무</k>
	</hanjaVO>
	<hanjaVO index="304">
		<h>竟</h>
		<k>마침내 경</k>
	</hanjaVO>
	<hanjaVO index="305">
		<h>學</h>
		<k>배울 학</k>
	</hanjaVO>
	<hanjaVO index="306">
		<h>優</h>
		<k>넉넉할 우</k>
	</hanjaVO>
	<hanjaVO index="307">
		<h>登</h>
		<k>오를 등</k>
	</hanjaVO>
	<hanjaVO index="308">
		<h>仕</h>
		<k>벼슬 사</k>
	</hanjaVO>
	<hanjaVO index="309">
		<h>攝</h>
		<k>잡을 섭</k>
	</hanjaVO>
	<hanjaVO index="310">
		<h>職</h>
		<k>벼슬 직</k>
	</hanjaVO>
	<hanjaVO index="311">
		<h>從</h>
		<k>좇을 종</k>
	</hanjaVO>
	<hanjaVO index="312">
		<h>政</h>
		<k>정사 정</k>
	</hanjaVO>
	<hanjaVO index="313">
		<h>存</h>
		<k>있을 존</k>
	</hanjaVO>
	<hanjaVO index="314">
		<h>以</h>
		<k>써 이</k>
	</hanjaVO>
	<hanjaVO index="315">
		<h>甘</h>
		<k>달 감</k>
	</hanjaVO>
	<hanjaVO index="316">
		<h>棠</h>
		<k>해당화 당</k>
	</hanjaVO>
	<hanjaVO index="317">
		<h>去</h>
		<k>갈 거</k>
	</hanjaVO>
	<hanjaVO index="318">
		<h>而</h>
		<k>어조사 이</k>
	</hanjaVO>
	<hanjaVO index="319">
		<h>益</h>
		<k>더할 익</k>
	</hanjaVO>
	<hanjaVO index="320">
		<h>詠</h>
		<k>읊을 영</k>
	</hanjaVO>
	<hanjaVO index="321">
		<h>樂</h>
		<k>풍류 악/즐길 락/좋아할 요</k>
	</hanjaVO>
	<hanjaVO index="322">
		<h>殊</h>
		<k>다를 수</k>
	</hanjaVO>
	<hanjaVO index="323">
		<h>貴</h>
		<k>귀할 귀</k>
	</hanjaVO>
	<hanjaVO index="324">
		<h>賤</h>
		<k>천할 천</k>
	</hanjaVO>
	<hanjaVO index="325">
		<h>禮</h>
		<k>예도 례</k>
	</hanjaVO>
	<hanjaVO index="326">
		<h>別</h>
		<k>다를 별</k>
	</hanjaVO>
	<hanjaVO index="327">
		<h>尊</h>
		<k>높을 존</k>
	</hanjaVO>
	<hanjaVO index="328">
		<h>卑</h>
		<k>낮을 비</k>
	</hanjaVO>
	<hanjaVO index="329">
		<h>上</h>
		<k>위 상</k>
	</hanjaVO>
	<hanjaVO index="330">
		<h>和</h>
		<k>화할 화</k>
	</hanjaVO>
	<hanjaVO index="331">
		<h>下</h>
		<k>아래 하</k>
	</hanjaVO>
	<hanjaVO index="332">
		<h>睦</h>
		<k>화목할 목</k>
	</hanjaVO>
	<hanjaVO index="333">
		<h>夫</h>
		<k>지아비 부</k>
	</hanjaVO>
	<hanjaVO index="334">
		<h>唱</h>
		<k>부를 창</k>
	</hanjaVO>
	<hanjaVO index="335">
		<h>婦</h>
		<k>며느리 부</k>
	</hanjaVO>
	<hanjaVO index="336">
		<h>隨</h>
		<k>따를 수</k>
	</hanjaVO>
	<hanjaVO index="337">
		<h>外</h>
		<k>밖 외</k>
	</hanjaVO>
	<hanjaVO index="338">
		<h>受</h>
		<k>받을 수</k>
	</hanjaVO>
	<hanjaVO index="339">
		<h>傅</h>
		<k>스승 부</k>
	</hanjaVO>
	<hanjaVO index="340">
		<h>訓</h>
		<k>가르칠 훈</k>
	</hanjaVO>
	<hanjaVO index="341">
		<h>入</h>
		<k>들 입</k>
	</hanjaVO>
	<hanjaVO index="342">
		<h>奉</h>
		<k>받들 봉</k>
	</hanjaVO>
	<hanjaVO index="343">
		<h>母</h>
		<k>어미 모</k>
	</hanjaVO>
	<hanjaVO index="344">
		<h>儀</h>
		<k>거동 의</k>
	</hanjaVO>
	<hanjaVO index="345">
		<h>諸</h>
		<k>모두 제</k>
	</hanjaVO>
	<hanjaVO index="346">
		<h>姑</h>
		<k>시어미 고</k>
	</hanjaVO>
	<hanjaVO index="347">
		<h>伯</h>
		<k>맏 백</k>
	</hanjaVO>
	<hanjaVO index="348">
		<h>叔</h>
		<k>아재비 숙</k>
	</hanjaVO>
	<hanjaVO index="349">
		<h>猶</h>
		<k>같을 유</k>
	</hanjaVO>
	<hanjaVO index="350">
		<h>子</h>
		<k>아들 자</k>
	</hanjaVO>
	<hanjaVO index="351">
		<h>比</h>
		<k>견줄 비</k>
	</hanjaVO>
	<hanjaVO index="352">
		<h>兒</h>
		<k>아이 아</k>
	</hanjaVO>
	<hanjaVO index="353">
		<h>孔</h>
		<k>구멍 공</k>
	</hanjaVO>
	<hanjaVO index="354">
		<h>懷</h>
		<k>품을 회</k>
	</hanjaVO>
	<hanjaVO index="355">
		<h>兄</h>
		<k>맏 형</k>
	</hanjaVO>
	<hanjaVO index="356">
		<h>弟</h>
		<k>아우 제</k>
	</hanjaVO>
	<hanjaVO index="357">
		<h>同</h>
		<k>한가지 동</k>
	</hanjaVO>
	<hanjaVO index="358">
		<h>氣</h>
		<k>기운 기</k>
	</hanjaVO>
	<hanjaVO index="359">
		<h>連</h>
		<k>이어질 연</k>
	</hanjaVO>
	<hanjaVO index="360">
		<h>枝</h>
		<k>가지 지</k>
	</hanjaVO>
	<hanjaVO index="361">
		<h>交</h>
		<k>사귈 교</k>
	</hanjaVO>
	<hanjaVO index="362">
		<h>友</h>
		<k>벗 우</k>
	</hanjaVO>
	<hanjaVO index="363">
		<h>投</h>
		<k>던질 투</k>
	</hanjaVO>
	<hanjaVO index="364">
		<h>分</h>
		<k>나눌 분</k>
	</hanjaVO>
	<hanjaVO index="365">
		<h>切</h>
		<k>끊을 절/모두 체</k>
	</hanjaVO>
	<hanjaVO index="366">
		<h>磨</h>
		<k>갈 마</k>
	</hanjaVO>
	<hanjaVO index="367">
		<h>箴</h>
		<k>경계 잠</k>
	</hanjaVO>
	<hanjaVO index="368">
		<h>規</h>
		<k>법 규</k>
	</hanjaVO>
	<hanjaVO index="369">
		<h>仁</h>
		<k>어질 인</k>
	</hanjaVO>
	<hanjaVO index="370">
		<h>慈</h>
		<k>사랑할 자</k>
	</hanjaVO>
	<hanjaVO index="371">
		<h>隱</h>
		<k>숨을 은</k>
	</hanjaVO>
	<hanjaVO index="372">
		<h>惻</h>
		<k>슬플 측</k>
	</hanjaVO>
	<hanjaVO index="373">
		<h>造</h>
		<k>지을 조</k>
	</hanjaVO>
	<hanjaVO index="374">
		<h>次</h>
		<k>버금 차</k>
	</hanjaVO>
	<hanjaVO index="375">
		<h>弗</h>
		<k>아닐 불</k>
	</hanjaVO>
	<hanjaVO index="376">
		<h>離</h>
		<k>떠날 리</k>
	</hanjaVO>
	<hanjaVO index="377">
		<h>節</h>
		<k>마디 절</k>
	</hanjaVO>
	<hanjaVO index="378">
		<h>義</h>
		<k>옳을 의</k>
	</hanjaVO>
	<hanjaVO index="379">
		<h>廉</h>
		<k>청렴 렴</k>
	</hanjaVO>
	<hanjaVO index="380">
		<h>退</h>
		<k>물러갈 퇴</k>
	</hanjaVO>
	<hanjaVO index="381">
		<h>顚</h>
		<k>엎드러질 전</k>
	</hanjaVO>
	<hanjaVO index="382">
		<h>沛</h>
		<k>자빠질 패</k>
	</hanjaVO>
	<hanjaVO index="383">
		<h>匪</h>
		<k>아닐 비</k>
	</hanjaVO>
	<hanjaVO index="384">
		<h>虧</h>
		<k>이지러질 휴</k>
	</hanjaVO>
	<hanjaVO index="385">
		<h>性</h>
		<k>성품 성</k>
	</hanjaVO>
	<hanjaVO index="386">
		<h>靜</h>
		<k>고요할 정</k>
	</hanjaVO>
	<hanjaVO index="387">
		<h>情</h>
		<k>뜻 정</k>
	</hanjaVO>
	<hanjaVO index="388">
		<h>逸</h>
		<k>편안할 일</k>
	</hanjaVO>
	<hanjaVO index="389">
		<h>心</h>
		<k>마음 심</k>
	</hanjaVO>
	<hanjaVO index="390">
		<h>動</h>
		<k>움직일 동</k>
	</hanjaVO>
	<hanjaVO index="391">
		<h>神</h>
		<k>귀신 신</k>
	</hanjaVO>
	<hanjaVO index="392">
		<h>疲</h>
		<k>피곤할 피</k>
	</hanjaVO>
	<hanjaVO index="393">
		<h>守</h>
		<k>지킬 수</k>
	</hanjaVO>
	<hanjaVO index="394">
		<h>眞</h>
		<k>참 진</k>
	</hanjaVO>
	<hanjaVO index="395">
		<h>志</h>
		<k>뜻 지</k>
	</hanjaVO>
	<hanjaVO index="396">
		<h>滿</h>
		<k>찰 만</k>
	</hanjaVO>
	<hanjaVO index="397">
		<h>逐</h>
		<k>쫓을 축</k>
	</hanjaVO>
	<hanjaVO index="398">
		<h>物</h>
		<k>만물 물</k>
	</hanjaVO>
	<hanjaVO index="399">
		<h>意</h>
		<k>뜻 의</k>
	</hanjaVO>
	<hanjaVO index="400">
		<h>移</h>
		<k>옮길 이</k>
	</hanjaVO>
	<hanjaVO index="401">
		<h>堅</h>
		<k>굳을 견</k>
	</hanjaVO>
	<hanjaVO index="402">
		<h>持</h>
		<k>가질 지</k>
	</hanjaVO>
	<hanjaVO index="403">
		<h>雅</h>
		<k>우아할 아</k>
	</hanjaVO>
	<hanjaVO index="404">
		<h>操</h>
		<k>잡을 조</k>
	</hanjaVO>
	<hanjaVO index="405">
		<h>好</h>
		<k>좋을 호</k>
	</hanjaVO>
	<hanjaVO index="406">
		<h>爵</h>
		<k>벼슬 작</k>
	</hanjaVO>
	<hanjaVO index="407">
		<h>自</h>
		<k>스스로 자</k>
	</hanjaVO>
	<hanjaVO index="408">
		<h>縻</h>
		<k>얽을 미</k>
	</hanjaVO>
	<hanjaVO index="409">
		<h>都</h>
		<k>도읍 도</k>
	</hanjaVO>
	<hanjaVO index="410">
		<h>邑</h>
		<k>고을 읍</k>
	</hanjaVO>
	<hanjaVO index="411">
		<h>華</h>
		<k>빛날 화</k>
	</hanjaVO>
	<hanjaVO index="412">
		<h>夏</h>
		<k>여름 하</k>
	</hanjaVO>
	<hanjaVO index="413">
		<h>東</h>
		<k>동녘 동</k>
	</hanjaVO>
	<hanjaVO index="414">
		<h>西</h>
		<k>서녘 서</k>
	</hanjaVO>
	<hanjaVO index="415">
		<h>二</h>
		<k>두 이</k>
	</hanjaVO>
	<hanjaVO index="416">
		<h>京</h>
		<k>서울 경</k>
	</hanjaVO>
	<hanjaVO index="417">
		<h>背</h>
		<k>등 배</k>
	</hanjaVO>
	<hanjaVO index="418">
		<h>邙</h>
		<k>산이름 망</k>
	</hanjaVO>
	<hanjaVO index="419">
		<h>面</h>
		<k>낯 면</k>
	</hanjaVO>
	<hanjaVO index="420">
		<h>洛</h>
		<k>강이름 락</k>
	</hanjaVO>
	<hanjaVO index="421">
		<h>浮</h>
		<k>뜰 부</k>
	</hanjaVO>
	<hanjaVO index="422">
		<h>渭</h>
		<k>강이름 위</k>
	</hanjaVO>
	<hanjaVO index="423">
		<h>據</h>
		<k>의거할 거</k>
	</hanjaVO>
	<hanjaVO index="424">
		<h>涇</h>
		<k>통할 경</k>
	</hanjaVO>
	<hanjaVO index="425">
		<h>宮</h>
		<k>집 궁</k>
	</hanjaVO>
	<hanjaVO index="426">
		<h>殿</h>
		<k>큰집 전</k>
	</hanjaVO>
	<hanjaVO index="427">
		<h>盤</h>
		<k>서릴 반</k>
	</hanjaVO>
	<hanjaVO index="428">
		<h>鬱</h>
		<k>답답 울</k>
	</hanjaVO>
	<hanjaVO index="429">
		<h>樓</h>
		<k>다락 루</k>
	</hanjaVO>
	<hanjaVO index="430">
		<h>觀</h>
		<k>볼 관</k>
	</hanjaVO>
	<hanjaVO index="431">
		<h>飛</h>
		<k>날 비</k>
	</hanjaVO>
	<hanjaVO index="432">
		<h>驚</h>
		<k>놀랄 경</k>
	</hanjaVO>
	<hanjaVO index="433">
		<h>圖</h>
		<k>그림 도</k>
	</hanjaVO>
	<hanjaVO index="434">
		<h>寫</h>
		<k>베낄 사</k>
	</hanjaVO>
	<hanjaVO index="435">
		<h>禽</h>
		<k>날짐승 금</k>
	</hanjaVO>
	<hanjaVO index="436">
		<h>獸</h>
		<k>짐승 수</k>
	</hanjaVO>
	<hanjaVO index="437">
		<h>畵</h>
		<k>그림 화</k>
	</hanjaVO>
	<hanjaVO index="438">
		<h>采</h>
		<k>채색 채</k>
	</hanjaVO>
	<hanjaVO index="439">
		<h>仙</h>
		<k>신선 선</k>
	</hanjaVO>
	<hanjaVO index="440">
		<h>靈</h>
		<k>신령 령</k>
	</hanjaVO>
	<hanjaVO index="441">
		<h>丙</h>
		<k>남녘 병</k>
	</hanjaVO>
	<hanjaVO index="442">
		<h>舍</h>
		<k>집 사</k>
	</hanjaVO>
	<hanjaVO index="443">
		<h>傍</h>
		<k>곁 방</k>
	</hanjaVO>
	<hanjaVO index="444">
		<h>啓</h>
		<k>열 계</k>
	</hanjaVO>
	<hanjaVO index="445">
		<h>甲</h>
		<k>갑옷 갑</k>
	</hanjaVO>
	<hanjaVO index="446">
		<h>帳</h>
		<k>휘장 장</k>
	</hanjaVO>
	<hanjaVO index="447">
		<h>對</h>
		<k>대답할 대</k>
	</hanjaVO>
	<hanjaVO index="448">
		<h>楹</h>
		<k>기둥 영</k>
	</hanjaVO>
	<hanjaVO index="449">
		<h>肆</h>
		<k>베풀 사</k>
	</hanjaVO>
	<hanjaVO index="450">
		<h>筵</h>
		<k>자리 연</k>
	</hanjaVO>
	<hanjaVO index="451">
		<h>設</h>
		<k>베풀 설</k>
	</hanjaVO>
	<hanjaVO index="452">
		<h>席</h>
		<k>자리 석</k>
	</hanjaVO>
	<hanjaVO index="453">
		<h>鼓</h>
		<k>북 고</k>
	</hanjaVO>
	<hanjaVO index="454">
		<h>瑟</h>
		<k>비파 슬</k>
	</hanjaVO>
	<hanjaVO index="455">
		<h>吹</h>
		<k>불 취</k>
	</hanjaVO>
	<hanjaVO index="456">
		<h>笙</h>
		<k>생황 생</k>
	</hanjaVO>
	<hanjaVO index="457">
		<h>陞</h>
		<k>오른쪽 승</k>
	</hanjaVO>
	<hanjaVO index="458">
		<h>階</h>
		<k>뜰 계</k>
	</hanjaVO>
	<hanjaVO index="459">
		<h>納</h>
		<k>바칠 납</k>
	</hanjaVO>
	<hanjaVO index="460">
		<h>陛</h>
		<k>섬돌 폐</k>
	</hanjaVO>
	<hanjaVO index="461">
		<h>弁</h>
		<k>고깔 변</k>
	</hanjaVO>
	<hanjaVO index="462">
		<h>轉</h>
		<k>구를 전</k>
	</hanjaVO>
	<hanjaVO index="463">
		<h>疑</h>
		<k>의심할 의</k>
	</hanjaVO>
	<hanjaVO index="464">
		<h>星</h>
		<k>별 성</k>
	</hanjaVO>
	<hanjaVO index="465">
		<h>右</h>
		<k>오를 우</k>
	</hanjaVO>
	<hanjaVO index="466">
		<h>通</h>
		<k>통할 통</k>
	</hanjaVO>
	<hanjaVO index="467">
		<h>廣</h>
		<k>넓을 광</k>
	</hanjaVO>
	<hanjaVO index="468">
		<h>內</h>
		<k>안 내</k>
	</hanjaVO>
	<hanjaVO index="469">
		<h>左</h>
		<k>왼 좌</k>
	</hanjaVO>
	<hanjaVO index="470">
		<h>達</h>
		<k>통달할 달</k>
	</hanjaVO>
	<hanjaVO index="471">
		<h>承</h>
		<k>이을 승</k>
	</hanjaVO>
	<hanjaVO index="472">
		<h>明</h>
		<k>밝을 명</k>
	</hanjaVO>
	<hanjaVO index="473">
		<h>旣</h>
		<k>이미 기</k>
	</hanjaVO>
	<hanjaVO index="474">
		<h>集</h>
		<k>모을 집</k>
	</hanjaVO>
	<hanjaVO index="475">
		<h>墳</h>
		<k>무덤 분</k>
	</hanjaVO>
	<hanjaVO index="476">
		<h>典</h>
		<k>법 전</k>
	</hanjaVO>
	<hanjaVO index="477">
		<h>亦</h>
		<k>또 역</k>
	</hanjaVO>
	<hanjaVO index="478">
		<h>聚</h>
		<k>모을 취</k>
	</hanjaVO>
	<hanjaVO index="479">
		<h>群</h>
		<k>무리 군</k>
	</hanjaVO>
	<hanjaVO index="480">
		<h>英</h>
		<k>꽃부리 영</k>
	</hanjaVO>
	<hanjaVO index="481">
		<h>杜</h>
		<k>막을 두</k>
	</hanjaVO>
	<hanjaVO index="482">
		<h>稿</h>
		<k>볏짚 고</k>
	</hanjaVO>
	<hanjaVO index="483">
		<h>鍾</h>
		<k>쇠북 종</k>
	</hanjaVO>
	<hanjaVO index="484">
		<h>隸</h>
		<k>글씨 례</k>
	</hanjaVO>
	<hanjaVO index="485">
		<h>漆</h>
		<k>옻칠할 칠</k>
	</hanjaVO>
	<hanjaVO index="486">
		<h>書</h>
		<k>글씨 서</k>
	</hanjaVO>
	<hanjaVO index="487">
		<h>壁</h>
		<k>벽 벽</k>
	</hanjaVO>
	<hanjaVO index="488">
		<h>經</h>
		<k>날 경</k>
	</hanjaVO>
	<hanjaVO index="489">
		<h>府</h>
		<k>마을 부</k>
	</hanjaVO>
	<hanjaVO index="490">
		<h>羅</h>
		<k>벌릴 라</k>
	</hanjaVO>
	<hanjaVO index="491">
		<h>將</h>
		<k>장수 장</k>
	</hanjaVO>
	<hanjaVO index="492">
		<h>相</h>
		<k>서로 상</k>
	</hanjaVO>
	<hanjaVO index="493">
		<h>路</h>
		<k>길 로</k>
	</hanjaVO>
	<hanjaVO index="494">
		<h>夾</h>
		<k>낄 협</k>
	</hanjaVO>
	<hanjaVO index="495">
		<h>槐</h>
		<k>괴화나무 괴</k>
	</hanjaVO>
	<hanjaVO index="496">
		<h>卿</h>
		<k>벼슬 경</k>
	</hanjaVO>
	<hanjaVO index="497">
		<h>戶</h>
		<k>지게 호</k>
	</hanjaVO>
	<hanjaVO index="498">
		<h>封</h>
		<k>봉할 봉</k>
	</hanjaVO>
	<hanjaVO index="499">
		<h>八</h>
		<k>여덟 팔</k>
	</hanjaVO>
	<hanjaVO index="500">
		<h>縣</h>
		<k>고을 현</k>
	</hanjaVO>
	<hanjaVO index="501">
		<h>家</h>
		<k>집 가</k>
	</hanjaVO>
	<hanjaVO index="502">
		<h>給</h>
		<k>줄 급</k>
	</hanjaVO>
	<hanjaVO index="503">
		<h>千</h>
		<k>일천 천</k>
	</hanjaVO>
	<hanjaVO index="504">
		<h>兵</h>
		<k>군사 병</k>
	</hanjaVO>
	<hanjaVO index="505">
		<h>高</h>
		<k>높을 고</k>
	</hanjaVO>
	<hanjaVO index="506">
		<h>冠</h>
		<k>갓 관</k>
	</hanjaVO>
	<hanjaVO index="507">
		<h>陪</h>
		<k>더할 배</k>
	</hanjaVO>
	<hanjaVO index="508">
		<h>輦</h>
		<k>손수레 련</k>
	</hanjaVO>
	<hanjaVO index="509">
		<h>驅</h>
		<k>몰 구</k>
	</hanjaVO>
	<hanjaVO index="510">
		<h>轂</h>
		<k>바퀴 곡</k>
	</hanjaVO>
	<hanjaVO index="511">
		<h>振</h>
		<k>떨친 진</k>
	</hanjaVO>
	<hanjaVO index="512">
		<h>纓</h>
		<k>끈 영</k>
	</hanjaVO>
	<hanjaVO index="513">
		<h>世</h>
		<k>세상 세</k>
	</hanjaVO>
	<hanjaVO index="514">
		<h>祿</h>
		<k>녹 록</k>
	</hanjaVO>
	<hanjaVO index="515">
		<h>侈</h>
		<k>사치할 치</k>
	</hanjaVO>
	<hanjaVO index="516">
		<h>富</h>
		<k>부자 부</k>
	</hanjaVO>
	<hanjaVO index="517">
		<h>車</h>
		<k>수레 거</k>
	</hanjaVO>
	<hanjaVO index="518">
		<h>駕</h>
		<k>멍에 가</k>
	</hanjaVO>
	<hanjaVO index="519">
		<h>肥</h>
		<k>살찔 비</k>
	</hanjaVO>
	<hanjaVO index="520">
		<h>輕</h>
		<k>가벼울 경</k>
	</hanjaVO>
	<hanjaVO index="521">
		<h>策</h>
		<k>꾀 책</k>
	</hanjaVO>
	<hanjaVO index="522">
		<h>功</h>
		<k>공 공</k>
	</hanjaVO>
	<hanjaVO index="523">
		<h>茂</h>
		<k>무성할 무</k>
	</hanjaVO>
	<hanjaVO index="524">
		<h>實</h>
		<k>열매 실</k>
	</hanjaVO>
	<hanjaVO index="525">
		<h>勒</h>
		<k>굴레 륵</k>
	</hanjaVO>
	<hanjaVO index="526">
		<h>碑</h>
		<k>비석 비</k>
	</hanjaVO>
	<hanjaVO index="527">
		<h>刻</h>
		<k>새길 각</k>
	</hanjaVO>
	<hanjaVO index="528">
		<h>銘</h>
		<k>새길 명</k>
	</hanjaVO>
	<hanjaVO index="529">
		<h>磻</h>
		<k>강이름 반</k>
	</hanjaVO>
	<hanjaVO index="530">
		<h>溪</h>
		<k>시내 계</k>
	</hanjaVO>
	<hanjaVO index="531">
		<h>伊</h>
		<k>저 이</k>
	</hanjaVO>
	<hanjaVO index="532">
		<h>尹</h>
		<k>다스릴 윤</k>
	</hanjaVO>
	<hanjaVO index="533">
		<h>佐</h>
		<k>도울 좌</k>
	</hanjaVO>
	<hanjaVO index="534">
		<h>時</h>
		<k>때 시</k>
	</hanjaVO>
	<hanjaVO index="535">
		<h>阿</h>
		<k>언덕 아</k>
	</hanjaVO>
	<hanjaVO index="536">
		<h>衡</h>
		<k>저울대 형</k>
	</hanjaVO>
	<hanjaVO index="537">
		<h>奄</h>
		<k>문득 엄</k>
	</hanjaVO>
	<hanjaVO index="538">
		<h>宅</h>
		<k>집 댁/택</k>
	</hanjaVO>
	<hanjaVO index="539">
		<h>曲</h>
		<k>굽을 곡</k>
	</hanjaVO>
	<hanjaVO index="540">
		<h>阜</h>
		<k>언덕 부</k>
	</hanjaVO>
	<hanjaVO index="541">
		<h>微</h>
		<k>작을 미</k>
	</hanjaVO>
	<hanjaVO index="542">
		<h>旦</h>
		<k>아침 단</k>
	</hanjaVO>
	<hanjaVO index="543">
		<h>孰</h>
		<k>누구 숙</k>
	</hanjaVO>
	<hanjaVO index="544">
		<h>營</h>
		<k>경영 영</k>
	</hanjaVO>
	<hanjaVO index="545">
		<h>桓</h>
		<k>굳셀 환</k>
	</hanjaVO>
	<hanjaVO index="546">
		<h>公</h>
		<k>공변될 공</k>
	</hanjaVO>
	<hanjaVO index="547">
		<h>匡</h>
		<k>바를 광</k>
	</hanjaVO>
	<hanjaVO index="548">
		<h>合</h>
		<k>모을 합</k>
	</hanjaVO>
	<hanjaVO index="549">
		<h>濟</h>
		<k>건널 제</k>
	</hanjaVO>
	<hanjaVO index="550">
		<h>弱</h>
		<k>약할 약</k>
	</hanjaVO>
	<hanjaVO index="551">
		<h>扶</h>
		<k>도울 부</k>
	</hanjaVO>
	<hanjaVO index="552">
		<h>傾</h>
		<k>기울 경</k>
	</hanjaVO>
	<hanjaVO index="553">
		<h>綺</h>
		<k>비단 기</k>
	</hanjaVO>
	<hanjaVO index="554">
		<h>回</h>
		<k>돌아올 회</k>
	</hanjaVO>
	<hanjaVO index="555">
		<h>漢</h>
		<k>한수 한</k>
	</hanjaVO>
	<hanjaVO index="556">
		<h>惠</h>
		<k>은혜 혜</k>
	</hanjaVO>
	<hanjaVO index="557">
		<h>兌</h>
		<k>말씀 설/달랠 세/기뻐할 열</k>
	</hanjaVO>
	<hanjaVO index="558">
		<h>感</h>
		<k>느낄 감</k>
	</hanjaVO>
	<hanjaVO index="559">
		<h>武</h>
		<k>호반 무</k>
	</hanjaVO>
	<hanjaVO index="560">
		<h>丁</h>
		<k>고무래 정</k>
	</hanjaVO>
	<hanjaVO index="561">
		<h>俊</h>
		<k>준걸 준</k>
	</hanjaVO>
	<hanjaVO index="562">
		<h>乂</h>
		<k>어질 예</k>
	</hanjaVO>
	<hanjaVO index="563">
		<h>密</h>
		<k>빽빽할 밀</k>
	</hanjaVO>
	<hanjaVO index="564">
		<h>勿</h>
		<k>말 물</k>
	</hanjaVO>
	<hanjaVO index="565">
		<h>多</h>
		<k>많을 다</k>
	</hanjaVO>
	<hanjaVO index="566">
		<h>士</h>
		<k>선비 사</k>
	</hanjaVO>
	<hanjaVO index="567">
		<h>寔</h>
		<k>이 식</k>
	</hanjaVO>
	<hanjaVO index="568">
		<h>寧</h>
		<k>편안 녕</k>
	</hanjaVO>
	<hanjaVO index="569">
		<h>晋</h>
		<k>나라 진</k>
	</hanjaVO>
	<hanjaVO index="570">
		<h>楚</h>
		<k>나라 초</k>
	</hanjaVO>
	<hanjaVO index="571">
		<h>更</h>
		<k>다시 갱/고칠 경</k>
	</hanjaVO>
	<hanjaVO index="572">
		<h>覇</h>
		<k>으뜸 패</k>
	</hanjaVO>
	<hanjaVO index="573">
		<h>趙</h>
		<k>나라 조</k>
	</hanjaVO>
	<hanjaVO index="574">
		<h>魏</h>
		<k>나라 위</k>
	</hanjaVO>
	<hanjaVO index="575">
		<h>困</h>
		<k>곤할 곤</k>
	</hanjaVO>
	<hanjaVO index="576">
		<h>橫</h>
		<k>비낄 횡</k>
	</hanjaVO>
	<hanjaVO index="577">
		<h>假</h>
		<k>거짓 가</k>
	</hanjaVO>
	<hanjaVO index="578">
		<h>途</h>
		<k>길 도</k>
	</hanjaVO>
	<hanjaVO index="579">
		<h>滅</h>
		<k>멸할 멸</k>
	</hanjaVO>
	<hanjaVO index="580">
		<h>虢</h>
		<k>나라 괵</k>
	</hanjaVO>
	<hanjaVO index="581">
		<h>踐</h>
		<k>밟을 천</k>
	</hanjaVO>
	<hanjaVO index="582">
		<h>土</h>
		<k>흙 토</k>
	</hanjaVO>
	<hanjaVO index="583">
		<h>會</h>
		<k>모일 회</k>
	</hanjaVO>
	<hanjaVO index="584">
		<h>盟</h>
		<k>맹세 맹</k>
	</hanjaVO>
	<hanjaVO index="585">
		<h>何</h>
		<k>어찌 하</k>
	</hanjaVO>
	<hanjaVO index="586">
		<h>遵</h>
		<k>좇을 준</k>
	</hanjaVO>
	<hanjaVO index="587">
		<h>約</h>
		<k>약속할 약</k>
	</hanjaVO>
	<hanjaVO index="588">
		<h>法</h>
		<k>법 법</k>
	</hanjaVO>
	<hanjaVO index="589">
		<h>韓</h>
		<k>나라 한</k>
	</hanjaVO>
	<hanjaVO index="590">
		<h>弊</h>
		<k>해질 폐</k>
	</hanjaVO>
	<hanjaVO index="591">
		<h>煩</h>
		<k>번거로울 번</k>
	</hanjaVO>
	<hanjaVO index="592">
		<h>刑</h>
		<k>형벌 형</k>
	</hanjaVO>
	<hanjaVO index="593">
		<h>起</h>
		<k>일어날 기</k>
	</hanjaVO>
	<hanjaVO index="594">
		<h>翦</h>
		<k>자를 전</k>
	</hanjaVO>
	<hanjaVO index="595">
		<h>頗</h>
		<k>자못 파</k>
	</hanjaVO>
	<hanjaVO index="596">
		<h>牧</h>
		<k>칠 목</k>
	</hanjaVO>
	<hanjaVO index="597">
		<h>用</h>
		<k>쓸 용</k>
	</hanjaVO>
	<hanjaVO index="598">
		<h>軍</h>
		<k>군사 군</k>
	</hanjaVO>
	<hanjaVO index="599">
		<h>最</h>
		<k>가장 최</k>
	</hanjaVO>
	<hanjaVO index="600">
		<h>精</h>
		<k>정할 정</k>
	</hanjaVO>
	<hanjaVO index="601">
		<h>宣</h>
		<k>베풀 선</k>
	</hanjaVO>
	<hanjaVO index="602">
		<h>威</h>
		<k>위엄 위</k>
	</hanjaVO>
	<hanjaVO index="603">
		<h>沙</h>
		<k>모래 사</k>
	</hanjaVO>
	<hanjaVO index="604">
		<h>漠</h>
		<k>아득할 막</k>
	</hanjaVO>
	<hanjaVO index="605">
		<h>馳</h>
		<k>달릴 치</k>
	</hanjaVO>
	<hanjaVO index="606">
		<h>譽</h>
		<k>칭찬할 예</k>
	</hanjaVO>
	<hanjaVO index="607">
		<h>丹</h>
		<k>붉을 단</k>
	</hanjaVO>
	<hanjaVO index="608">
		<h>靑</h>
		<k>푸를 청</k>
	</hanjaVO>
	<hanjaVO index="609">
		<h>九</h>
		<k>아홉 구</k>
	</hanjaVO>
	<hanjaVO index="610">
		<h>州</h>
		<k>고을 주</k>
	</hanjaVO>
	<hanjaVO index="611">
		<h>禹</h>
		<k>하우씨 우</k>
	</hanjaVO>
	<hanjaVO index="612">
		<h>跡</h>
		<k>자취 적</k>
	</hanjaVO>
	<hanjaVO index="613">
		<h>百</h>
		<k>일백 백</k>
	</hanjaVO>
	<hanjaVO index="614">
		<h>郡</h>
		<k>고을 군</k>
	</hanjaVO>
	<hanjaVO index="615">
		<h>秦</h>
		<k>나라 진</k>
	</hanjaVO>
	<hanjaVO index="616">
		<h>幷</h>
		<k>아우를 병</k>
	</hanjaVO>
	<hanjaVO index="617">
		<h>嶽</h>
		<k>산마루 악</k>
	</hanjaVO>
	<hanjaVO index="618">
		<h>宗</h>
		<k>마루 종</k>
	</hanjaVO>
	<hanjaVO index="619">
		<h>恒</h>
		<k>항상 항</k>
	</hanjaVO>
	<hanjaVO index="620">
		<h>岱</h>
		<k>뫼 대</k>
	</hanjaVO>
	<hanjaVO index="621">
		<h>禪</h>
		<k>터닦을 선</k>
	</hanjaVO>
	<hanjaVO index="622">
		<h>主</h>
		<k>임금 주</k>
	</hanjaVO>
	<hanjaVO index="623">
		<h>云</h>
		<k>이를 운</k>
	</hanjaVO>
	<hanjaVO index="624">
		<h>亭</h>
		<k>정자 정</k>
	</hanjaVO>
	<hanjaVO index="625">
		<h>雁</h>
		<k>기러기 안</k>
	</hanjaVO>
	<hanjaVO index="626">
		<h>門</h>
		<k>문 문</k>
	</hanjaVO>
	<hanjaVO index="627">
		<h>紫</h>
		<k>붉을 자</k>
	</hanjaVO>
	<hanjaVO index="628">
		<h>塞</h>
		<k>변방 새</k>
	</hanjaVO>
	<hanjaVO index="629">
		<h>鷄</h>
		<k>닭 계</k>
	</hanjaVO>
	<hanjaVO index="630">
		<h>田</h>
		<k>밭 전</k>
	</hanjaVO>
	<hanjaVO index="631">
		<h>赤</h>
		<k>붉을 적</k>
	</hanjaVO>
	<hanjaVO index="632">
		<h>城</h>
		<k>성 성</k>
	</hanjaVO>
	<hanjaVO index="633">
		<h>昆</h>
		<k>맏 곤</k>
	</hanjaVO>
	<hanjaVO index="634">
		<h>池</h>
		<k>못 지</k>
	</hanjaVO>
	<hanjaVO index="635">
		<h>碣</h>
		<k>돌 갈</k>
	</hanjaVO>
	<hanjaVO index="636">
		<h>石</h>
		<k>돌 석</k>
	</hanjaVO>
	<hanjaVO index="637">
		<h>鉅</h>
		<k>클 거</k>
	</hanjaVO>
	<hanjaVO index="638">
		<h>野</h>
		<k>들 야</k>
	</hanjaVO>
	<hanjaVO index="639">
		<h>洞</h>
		<k>골 동/꿰뚫을 통</k>
	</hanjaVO>
	<hanjaVO index="640">
		<h>庭</h>
		<k>뜰 정</k>
	</hanjaVO>
	<hanjaVO index="641">
		<h>曠</h>
		<k>빌 광</k>
	</hanjaVO>
	<hanjaVO index="642">
		<h>遠</h>
		<k>멀 원</k>
	</hanjaVO>
	<hanjaVO index="643">
		<h>綿</h>
		<k>이어질 면</k>
	</hanjaVO>
	<hanjaVO index="644">
		<h>邈</h>
		<k>멀 막</k>
	</hanjaVO>
	<hanjaVO index="645">
		<h>巖</h>
		<k>바위 암</k>
	</hanjaVO>
	<hanjaVO index="646">
		<h>峀</h>
		<k>메뿌리 수</k>
	</hanjaVO>
	<hanjaVO index="647">
		<h>杳</h>
		<k>아득할 묘</k>
	</hanjaVO>
	<hanjaVO index="648">
		<h>冥</h>
		<k>어두울 명</k>
	</hanjaVO>
	<hanjaVO index="649">
		<h>治</h>
		<k>다스릴 치</k>
	</hanjaVO>
	<hanjaVO index="650">
		<h>本</h>
		<k>근본 본</k>
	</hanjaVO>
	<hanjaVO index="651">
		<h>於</h>
		<k>어조사 어</k>
	</hanjaVO>
	<hanjaVO index="652">
		<h>農</h>
		<k>농사 농</k>
	</hanjaVO>
	<hanjaVO index="653">
		<h>務</h>
		<k>힘쓸 무</k>
	</hanjaVO>
	<hanjaVO index="654">
		<h>玆</h>
		<k>이 자</k>
	</hanjaVO>
	<hanjaVO index="655">
		<h>稼</h>
		<k>심을 가</k>
	</hanjaVO>
	<hanjaVO index="656">
		<h>穡</h>
		<k>거둘 색</k>
	</hanjaVO>
	<hanjaVO index="657">
		<h>俶</h>
		<k>비로소 숙</k>
	</hanjaVO>
	<hanjaVO index="658">
		<h>載</h>
		<k>실을 재</k>
	</hanjaVO>
	<hanjaVO index="659">
		<h>南</h>
		<k>남녘 남</k>
	</hanjaVO>
	<hanjaVO index="660">
		<h>畝</h>
		<k>이랑 묘</k>
	</hanjaVO>
	<hanjaVO index="661">
		<h>我</h>
		<k>나 아</k>
	</hanjaVO>
	<hanjaVO index="662">
		<h>藝</h>
		<k>재주 예</k>
	</hanjaVO>
	<hanjaVO index="663">
		<h>黍</h>
		<k>기장 서</k>
	</hanjaVO>
	<hanjaVO index="664">
		<h>稷</h>
		<k>피 직</k>
	</hanjaVO>
	<hanjaVO index="665">
		<h>稅</h>
		<k>징수할 세</k>
	</hanjaVO>
	<hanjaVO index="666">
		<h>熟</h>
		<k>익을 숙</k>
	</hanjaVO>
	<hanjaVO index="667">
		<h>貢</h>
		<k>바칠 공</k>
	</hanjaVO>
	<hanjaVO index="668">
		<h>新</h>
		<k>새 신</k>
	</hanjaVO>
	<hanjaVO index="669">
		<h>勸</h>
		<k>권할 권</k>
	</hanjaVO>
	<hanjaVO index="670">
		<h>賞</h>
		<k>상줄 상</k>
	</hanjaVO>
	<hanjaVO index="671">
		<h>黜</h>
		<k>물리칠 출</k>
	</hanjaVO>
	<hanjaVO index="672">
		<h>陟</h>
		<k>오를 척</k>
	</hanjaVO>
	<hanjaVO index="673">
		<h>孟</h>
		<k>맏 맹</k>
	</hanjaVO>
	<hanjaVO index="674">
		<h>軻</h>
		<k>수레 가</k>
	</hanjaVO>
	<hanjaVO index="675">
		<h>敦</h>
		<k>도타울 돈</k>
	</hanjaVO>
	<hanjaVO index="676">
		<h>素</h>
		<k>흴 소</k>
	</hanjaVO>
	<hanjaVO index="677">
		<h>史</h>
		<k>역사 사</k>
	</hanjaVO>
	<hanjaVO index="678">
		<h>魚</h>
		<k>물고기 어</k>
	</hanjaVO>
	<hanjaVO index="679">
		<h>秉</h>
		<k>잡을 병</k>
	</hanjaVO>
	<hanjaVO index="680">
		<h>直</h>
		<k>곧을 직</k>
	</hanjaVO>
	<hanjaVO index="681">
		<h>庶</h>
		<k>여러 서</k>
	</hanjaVO>
	<hanjaVO index="682">
		<h>幾</h>
		<k>몇 기</k>
	</hanjaVO>
	<hanjaVO index="683">
		<h>中</h>
		<k>가운데 중</k>
	</hanjaVO>
	<hanjaVO index="684">
		<h>庸</h>
		<k>떳떳 용</k>
	</hanjaVO>
	<hanjaVO index="685">
		<h>勞</h>
		<k>힘쓸 로</k>
	</hanjaVO>
	<hanjaVO index="686">
		<h>謙</h>
		<k>겸손 겸</k>
	</hanjaVO>
	<hanjaVO index="687">
		<h>謹</h>
		<k>삼갈 근</k>
	</hanjaVO>
	<hanjaVO index="688">
		<h>勅</h>
		<k>칙서 칙</k>
	</hanjaVO>
	<hanjaVO index="689">
		<h>聆</h>
		<k>들을 령</k>
	</hanjaVO>
	<hanjaVO index="690">
		<h>音</h>
		<k>소리 음</k>
	</hanjaVO>
	<hanjaVO index="691">
		<h>察</h>
		<k>살필 찰</k>
	</hanjaVO>
	<hanjaVO index="692">
		<h>理</h>
		<k>다스릴 리</k>
	</hanjaVO>
	<hanjaVO index="693">
		<h>鑑</h>
		<k>거울 감</k>
	</hanjaVO>
	<hanjaVO index="694">
		<h>貌</h>
		<k>모양 모</k>
	</hanjaVO>
	<hanjaVO index="695">
		<h>辨</h>
		<k>분별 변</k>
	</hanjaVO>
	<hanjaVO index="696">
		<h>色</h>
		<k>빛 색</k>
	</hanjaVO>
	<hanjaVO index="697">
		<h>貽</h>
		<k>끼칠 이</k>
	</hanjaVO>
	<hanjaVO index="698">
		<h>厥</h>
		<k>그 궐</k>
	</hanjaVO>
	<hanjaVO index="699">
		<h>嘉</h>
		<k>아름다울 가</k>
	</hanjaVO>
	<hanjaVO index="700">
		<h>猷</h>
		<k>꾀 유</k>
	</hanjaVO>
	<hanjaVO index="701">
		<h>勉</h>
		<k>힘쓸 면</k>
	</hanjaVO>
	<hanjaVO index="702">
		<h>其</h>
		<k>그 기</k>
	</hanjaVO>
	<hanjaVO index="703">
		<h>祗</h>
		<k>공경 지</k>
	</hanjaVO>
	<hanjaVO index="704">
		<h>植</h>
		<k>심을 식</k>
	</hanjaVO>
	<hanjaVO index="705">
		<h>省</h>
		<k>살필 성/덜 생</k>
	</hanjaVO>
	<hanjaVO index="706">
		<h>躬</h>
		<k>몸 궁</k>
	</hanjaVO>
	<hanjaVO index="707">
		<h>譏</h>
		<k>나무랄 기</k>
	</hanjaVO>
	<hanjaVO index="708">
		<h>誡</h>
		<k>경계 계</k>
	</hanjaVO>
	<hanjaVO index="709">
		<h>寵</h>
		<k>고일 총</k>
	</hanjaVO>
	<hanjaVO index="710">
		<h>增</h>
		<k>더할 증</k>
	</hanjaVO>
	<hanjaVO index="711">
		<h>抗</h>
		<k>저항할 항</k>
	</hanjaVO>
	<hanjaVO index="712">
		<h>極</h>
		<k>다할 극</k>
	</hanjaVO>
	<hanjaVO index="713">
		<h>殆</h>
		<k>위태 태</k>
	</hanjaVO>
	<hanjaVO index="714">
		<h>辱</h>
		<k>욕할 욕</k>
	</hanjaVO>
	<hanjaVO index="715">
		<h>近</h>
		<k>가까울 근</k>
	</hanjaVO>
	<hanjaVO index="716">
		<h>恥</h>
		<k>부끄러울 치</k>
	</hanjaVO>
	<hanjaVO index="717">
		<h>林</h>
		<k>수풀 림</k>
	</hanjaVO>
	<hanjaVO index="718">
		<h>皐</h>
		<k>언덕 고</k>
	</hanjaVO>
	<hanjaVO index="719">
		<h>幸</h>
		<k>다행 행</k>
	</hanjaVO>
	<hanjaVO index="720">
		<h>卽</h>
		<k>곧 즉</k>
	</hanjaVO>
	<hanjaVO index="721">
		<h>兩</h>
		<k>두 량</k>
	</hanjaVO>
	<hanjaVO index="722">
		<h>疏</h>
		<k>상소할 소</k>
	</hanjaVO>
	<hanjaVO index="723">
		<h>見</h>
		<k>볼 견/나타날 현</k>
	</hanjaVO>
	<hanjaVO index="724">
		<h>機</h>
		<k>틀 기</k>
	</hanjaVO>
	<hanjaVO index="725">
		<h>解</h>
		<k>풀 해</k>
	</hanjaVO>
	<hanjaVO index="726">
		<h>組</h>
		<k>짤 조</k>
	</hanjaVO>
	<hanjaVO index="727">
		<h>誰</h>
		<k>누구 수</k>
	</hanjaVO>
	<hanjaVO index="728">
		<h>逼</h>
		<k>핍박할 핍</k>
	</hanjaVO>
	<hanjaVO index="729">
		<h>索</h>
		<k>찾을 색</k>
	</hanjaVO>
	<hanjaVO index="730">
		<h>居</h>
		<k>살 거</k>
	</hanjaVO>
	<hanjaVO index="731">
		<h>閑</h>
		<k>한가 한</k>
	</hanjaVO>
	<hanjaVO index="732">
		<h>處</h>
		<k>곳 처</k>
	</hanjaVO>
	<hanjaVO index="733">
		<h>沈</h>
		<k>잠길 침</k>
	</hanjaVO>
	<hanjaVO index="734">
		<h>黙</h>
		<k>잠잠할 묵</k>
	</hanjaVO>
	<hanjaVO index="735">
		<h>寂</h>
		<k>고요할 적</k>
	</hanjaVO>
	<hanjaVO index="736">
		<h>寥</h>
		<k>고요 요</k>
	</hanjaVO>
	<hanjaVO index="737">
		<h>求</h>
		<k>구할 구</k>
	</hanjaVO>
	<hanjaVO index="738">
		<h>古</h>
		<k>옛 고</k>
	</hanjaVO>
	<hanjaVO index="739">
		<h>尋</h>
		<k>찾을 심</k>
	</hanjaVO>
	<hanjaVO index="740">
		<h>論</h>
		<k>의논할 론</k>
	</hanjaVO>
	<hanjaVO index="741">
		<h>散</h>
		<k>흩을 산</k>
	</hanjaVO>
	<hanjaVO index="742">
		<h>慮</h>
		<k>생각 려</k>
	</hanjaVO>
	<hanjaVO index="743">
		<h>逍</h>
		<k>거닐 소</k>
	</hanjaVO>
	<hanjaVO index="744">
		<h>遙</h>
		<k>멀 요</k>
	</hanjaVO>
	<hanjaVO index="745">
		<h>欣</h>
		<k>기쁠 흔</k>
	</hanjaVO>
	<hanjaVO index="746">
		<h>奏</h>
		<k>아뢸 주</k>
	</hanjaVO>
	<hanjaVO index="747">
		<h>累</h>
		<k>여러 루</k>
	</hanjaVO>
	<hanjaVO index="748">
		<h>遣</h>
		<k>보낼 견</k>
	</hanjaVO>
	<hanjaVO index="749">
		<h>慼</h>
		<k>슬플 척</k>
	</hanjaVO>
	<hanjaVO index="750">
		<h>謝</h>
		<k>사례 사</k>
	</hanjaVO>
	<hanjaVO index="751">
		<h>歡</h>
		<k>기뻐할 환</k>
	</hanjaVO>
	<hanjaVO index="752">
		<h>招</h>
		<k>부를 초</k>
	</hanjaVO>
	<hanjaVO index="753">
		<h>渠</h>
		<k>개천 거</k>
	</hanjaVO>
	<hanjaVO index="754">
		<h>荷</h>
		<k>연꽃 하</k>
	</hanjaVO>
	<hanjaVO index="755">
		<h>的</h>
		<k>과녁 적</k>
	</hanjaVO>
	<hanjaVO index="756">
		<h>歷</h>
		<k>지낼 력</k>
	</hanjaVO>
	<hanjaVO index="757">
		<h>園</h>
		<k>동산 원</k>
	</hanjaVO>
	<hanjaVO index="758">
		<h>莽</h>
		<k>풀 망</k>
	</hanjaVO>
	<hanjaVO index="759">
		<h>抽</h>
		<k>빼낼 추</k>
	</hanjaVO>
	<hanjaVO index="760">
		<h>條</h>
		<k>조목 조</k>
	</hanjaVO>
	<hanjaVO index="761">
		<h>枇</h>
		<k>비파나무 비</k>
	</hanjaVO>
	<hanjaVO index="762">
		<h>杷</h>
		<k>비파나무 파</k>
	</hanjaVO>
	<hanjaVO index="763">
		<h>晩</h>
		<k>늦을 만</k>
	</hanjaVO>
	<hanjaVO index="764">
		<h>翠</h>
		<k>푸를 취</k>
	</hanjaVO>
	<hanjaVO index="765">
		<h>梧</h>
		<k>오동 오</k>
	</hanjaVO>
	<hanjaVO index="766">
		<h>桐</h>
		<k>오동 동</k>
	</hanjaVO>
	<hanjaVO index="767">
		<h>早</h>
		<k>이를 조</k>
	</hanjaVO>
	<hanjaVO index="768">
		<h>凋</h>
		<k>시들 조</k>
	</hanjaVO>
	<hanjaVO index="769">
		<h>陳</h>
		<k>베풀 진</k>
	</hanjaVO>
	<hanjaVO index="770">
		<h>根</h>
		<k>뿌리 근</k>
	</hanjaVO>
	<hanjaVO index="771">
		<h>委</h>
		<k>맡길 위</k>
	</hanjaVO>
	<hanjaVO index="772">
		<h>翳</h>
		<k>가릴 예</k>
	</hanjaVO>
	<hanjaVO index="773">
		<h>落</h>
		<k>떨어질 락</k>
	</hanjaVO>
	<hanjaVO index="774">
		<h>葉</h>
		<k>잎사귀 엽</k>
	</hanjaVO>
	<hanjaVO index="775">
		<h>飄</h>
		<k>나부낄 표</k>
	</hanjaVO>
	<hanjaVO index="776">
		<h>颻</h>
		<k>나부낄 요</k>
	</hanjaVO>
	<hanjaVO index="777">
		<h>遊</h>
		<k>헤엄칠 유</k>
	</hanjaVO>
	<hanjaVO index="778">
		<h>鵾</h>
		<k>곤새 곤</k>
	</hanjaVO>
	<hanjaVO index="779">
		<h>獨</h>
		<k>홀로 독</k>
	</hanjaVO>
	<hanjaVO index="780">
		<h>運</h>
		<k>운전 운</k>
	</hanjaVO>
	<hanjaVO index="781">
		<h>凌</h>
		<k>업신여길 릉</k>
	</hanjaVO>
	<hanjaVO index="782">
		<h>摩</h>
		<k>만질 마</k>
	</hanjaVO>
	<hanjaVO index="783">
		<h>絳</h>
		<k>붉을 강</k>
	</hanjaVO>
	<hanjaVO index="784">
		<h>霄</h>
		<k>하늘 소</k>
	</hanjaVO>
	<hanjaVO index="785">
		<h>耽</h>
		<k>즐길 탐</k>
	</hanjaVO>
	<hanjaVO index="786">
		<h>讀</h>
		<k>읽을 독/이두 두</k>
	</hanjaVO>
	<hanjaVO index="787">
		<h>翫</h>
		<k>가지고놀 완</k>
	</hanjaVO>
	<hanjaVO index="788">
		<h>市</h>
		<k>저자 시</k>
	</hanjaVO>
	<hanjaVO index="789">
		<h>寓</h>
		<k>붙일 우</k>
	</hanjaVO>
	<hanjaVO index="790">
		<h>目</h>
		<k>눈 목</k>
	</hanjaVO>
	<hanjaVO index="791">
		<h>囊</h>
		<k>주머니 낭</k>
	</hanjaVO>
	<hanjaVO index="792">
		<h>箱</h>
		<k>상자 상</k>
	</hanjaVO>
	<hanjaVO index="793">
		<h>易</h>
		<k>쉬울 이/바꿀 역</k>
	</hanjaVO>
	<hanjaVO index="794">
		<h>輶</h>
		<k>가벼울 유</k>
	</hanjaVO>
	<hanjaVO index="795">
		<h>攸</h>
		<k>바 유</k>
	</hanjaVO>
	<hanjaVO index="796">
		<h>畏</h>
		<k>두려워할 외</k>
	</hanjaVO>
	<hanjaVO index="797">
		<h>屬</h>
		<k>붙을 속/이을 촉</k>
	</hanjaVO>
	<hanjaVO index="798">
		<h>耳</h>
		<k>귀 이</k>
	</hanjaVO>
	<hanjaVO index="799">
		<h>垣</h>
		<k>담 원</k>
	</hanjaVO>
	<hanjaVO index="800">
		<h>牆</h>
		<k>담 장</k>
	</hanjaVO>
	<hanjaVO index="801">
		<h>具</h>
		<k>갖출 구</k>
	</hanjaVO>
	<hanjaVO index="802">
		<h>膳</h>
		<k>반찬 선</k>
	</hanjaVO>
	<hanjaVO index="803">
		<h>飱</h>
		<k>밥 손</k>
	</hanjaVO>
	<hanjaVO index="804">
		<h>飯</h>
		<k>밥 반</k>
	</hanjaVO>
	<hanjaVO index="805">
		<h>適</h>
		<k>마침 적</k>
	</hanjaVO>
	<hanjaVO index="806">
		<h>口</h>
		<k>입 구</k>
	</hanjaVO>
	<hanjaVO index="807">
		<h>充</h>
		<k>채울 충</k>
	</hanjaVO>
	<hanjaVO index="808">
		<h>腸</h>
		<k>창자 장</k>
	</hanjaVO>
	<hanjaVO index="809">
		<h>飽</h>
		<k>배부를 포</k>
	</hanjaVO>
	<hanjaVO index="810">
		<h>飫</h>
		<k>배부를 어</k>
	</hanjaVO>
	<hanjaVO index="811">
		<h>烹</h>
		<k>삶을 팽</k>
	</hanjaVO>
	<hanjaVO index="812">
		<h>宰</h>
		<k>재상 재</k>
	</hanjaVO>
	<hanjaVO index="813">
		<h>饑</h>
		<k>주릴 기</k>
	</hanjaVO>
	<hanjaVO index="814">
		<h>厭</h>
		<k>싫을 염</k>
	</hanjaVO>
	<hanjaVO index="815">
		<h>糟</h>
		<k>재강 조</k>
	</hanjaVO>
	<hanjaVO index="816">
		<h>糠</h>
		<k>겨 강</k>
	</hanjaVO>
	<hanjaVO index="817">
		<h>親</h>
		<k>친할 친</k>
	</hanjaVO>
	<hanjaVO index="818">
		<h>戚</h>
		<k>겨레 척</k>
	</hanjaVO>
	<hanjaVO index="819">
		<h>故</h>
		<k>연고 고</k>
	</hanjaVO>
	<hanjaVO index="820">
		<h>舊</h>
		<k>옛 구</k>
	</hanjaVO>
	<hanjaVO index="821">
		<h>老</h>
		<k>늙을 로</k>
	</hanjaVO>
	<hanjaVO index="822">
		<h>少</h>
		<k>젊을 소</k>
	</hanjaVO>
	<hanjaVO index="823">
		<h>異</h>
		<k>다를 이</k>
	</hanjaVO>
	<hanjaVO index="824">
		<h>糧</h>
		<k>양식 량</k>
	</hanjaVO>
	<hanjaVO index="825">
		<h>妾</h>
		<k>첩 첩</k>
	</hanjaVO>
	<hanjaVO index="826">
		<h>御</h>
		<k>모실 어</k>
	</hanjaVO>
	<hanjaVO index="827">
		<h>績</h>
		<k>길쌈 적</k>
	</hanjaVO>
	<hanjaVO index="828">
		<h>紡</h>
		<k>길쌈 방</k>
	</hanjaVO>
	<hanjaVO index="829">
		<h>侍</h>
		<k>모실 시</k>
	</hanjaVO>
	<hanjaVO index="830">
		<h>巾</h>
		<k>수건 건</k>
	</hanjaVO>
	<hanjaVO index="831">
		<h>帷</h>
		<k>장막 유</k>
	</hanjaVO>
	<hanjaVO index="832">
		<h>房</h>
		<k>방 방</k>
	</hanjaVO>
	<hanjaVO index="833">
		<h>紈</h>
		<k>흰비단 환</k>
	</hanjaVO>
	<hanjaVO index="834">
		<h>扇</h>
		<k>부채 선</k>
	</hanjaVO>
	<hanjaVO index="835">
		<h>圓</h>
		<k>둥글 원</k>
	</hanjaVO>
	<hanjaVO index="836">
		<h>潔</h>
		<k>깨끗할 결</k>
	</hanjaVO>
	<hanjaVO index="837">
		<h>銀</h>
		<k>은 은</k>
	</hanjaVO>
	<hanjaVO index="838">
		<h>燭</h>
		<k>촛불 촉</k>
	</hanjaVO>
	<hanjaVO index="839">
		<h>煒</h>
		<k>빛날 위</k>
	</hanjaVO>
	<hanjaVO index="840">
		<h>煌</h>
		<k>빛날 황</k>
	</hanjaVO>
	<hanjaVO index="841">
		<h>晝</h>
		<k>낮 주</k>
	</hanjaVO>
	<hanjaVO index="842">
		<h>眠</h>
		<k>잘 면</k>
	</hanjaVO>
	<hanjaVO index="843">
		<h>夕</h>
		<k>저녁 석</k>
	</hanjaVO>
	<hanjaVO index="844">
		<h>寐</h>
		<k>잘 매</k>
	</hanjaVO>
	<hanjaVO index="845">
		<h>藍</h>
		<k>쪽 람</k>
	</hanjaVO>
	<hanjaVO index="846">
		<h>筍</h>
		<k>죽순 순</k>
	</hanjaVO>
	<hanjaVO index="847">
		<h>象</h>
		<k>코끼리 상</k>
	</hanjaVO>
	<hanjaVO index="848">
		<h>床</h>
		<k>상 상</k>
	</hanjaVO>
	<hanjaVO index="849">
		<h>弦</h>
		<k>줄 현</k>
	</hanjaVO>
	<hanjaVO index="850">
		<h>歌</h>
		<k>노래 가</k>
	</hanjaVO>
	<hanjaVO index="851">
		<h>酒</h>
		<k>술 주</k>
	</hanjaVO>
	<hanjaVO index="852">
		<h>讌</h>
		<k>잔치 연</k>
	</hanjaVO>
	<hanjaVO index="853">
		<h>接</h>
		<k>이을 접</k>
	</hanjaVO>
	<hanjaVO index="854">
		<h>杯</h>
		<k>잔 배</k>
	</hanjaVO>
	<hanjaVO index="855">
		<h>擧</h>
		<k>들 거</k>
	</hanjaVO>
	<hanjaVO index="856">
		<h>觴</h>
		<k>잔 상</k>
	</hanjaVO>
	<hanjaVO index="857">
		<h>矯</h>
		<k>바로잡을 교</k>
	</hanjaVO>
	<hanjaVO index="858">
		<h>手</h>
		<k>손 수</k>
	</hanjaVO>
	<hanjaVO index="859">
		<h>頓</h>
		<k>두드릴 돈</k>
	</hanjaVO>
	<hanjaVO index="860">
		<h>足</h>
		<k>발 족</k>
	</hanjaVO>
	<hanjaVO index="861">
		<h>悅</h>
		<k>기쁠 열</k>
	</hanjaVO>
	<hanjaVO index="862">
		<h>豫</h>
		<k>미리 예</k>
	</hanjaVO>
	<hanjaVO index="863">
		<h>且</h>
		<k>또 차</k>
	</hanjaVO>
	<hanjaVO index="864">
		<h>康</h>
		<k>편안 강</k>
	</hanjaVO>
	<hanjaVO index="865">
		<h>嫡</h>
		<k>정실 적</k>
	</hanjaVO>
	<hanjaVO index="866">
		<h>後</h>
		<k>뒤 후</k>
	</hanjaVO>
	<hanjaVO index="867">
		<h>嗣</h>
		<k>이을 사</k>
	</hanjaVO>
	<hanjaVO index="868">
		<h>續</h>
		<k>이을 속</k>
	</hanjaVO>
	<hanjaVO index="869">
		<h>祭</h>
		<k>제사 제</k>
	</hanjaVO>
	<hanjaVO index="870">
		<h>祀</h>
		<k>제사 사</k>
	</hanjaVO>
	<hanjaVO index="871">
		<h>蒸</h>
		<k>찔 증</k>
	</hanjaVO>
	<hanjaVO index="872">
		<h>嘗</h>
		<k>맛볼 상</k>
	</hanjaVO>
	<hanjaVO index="873">
		<h>稽</h>
		<k>조아릴 계</k>
	</hanjaVO>
	<hanjaVO index="874">
		<h>顙</h>
		<k>이마 상</k>
	</hanjaVO>
	<hanjaVO index="875">
		<h>再</h>
		<k>둘 재</k>
	</hanjaVO>
	<hanjaVO index="876">
		<h>拜</h>
		<k>절 배</k>
	</hanjaVO>
	<hanjaVO index="877">
		<h>悚</h>
		<k>두려워할 송</k>
	</hanjaVO>
	<hanjaVO index="878">
		<h>懼</h>
		<k>두려워할 구</k>
	</hanjaVO>
	<hanjaVO index="879">
		<h>恐</h>
		<k>두려워할 공</k>
	</hanjaVO>
	<hanjaVO index="880">
		<h>惶</h>
		<k>두려워할 황</k>
	</hanjaVO>
	<hanjaVO index="881">
		<h>牋</h>
		<k>편지 전</k>
	</hanjaVO>
	<hanjaVO index="882">
		<h>牒</h>
		<k>편지 첩</k>
	</hanjaVO>
	<hanjaVO index="883">
		<h>簡</h>
		<k>편지 간</k>
	</hanjaVO>
	<hanjaVO index="884">
		<h>要</h>
		<k>중요 요</k>
	</hanjaVO>
	<hanjaVO index="885">
		<h>顧</h>
		<k>돌아볼 고</k>
	</hanjaVO>
	<hanjaVO index="886">
		<h>答</h>
		<k>대답 답</k>
	</hanjaVO>
	<hanjaVO index="887">
		<h>審</h>
		<k>살필 심</k>
	</hanjaVO>
	<hanjaVO index="888">
		<h>詳</h>
		<k>자세할 상</k>
	</hanjaVO>
	<hanjaVO index="889">
		<h>骸</h>
		<k>뼈 해</k>
	</hanjaVO>
	<hanjaVO index="890">
		<h>垢</h>
		<k>때 구</k>
	</hanjaVO>
	<hanjaVO index="891">
		<h>想</h>
		<k>생각할 상</k>
	</hanjaVO>
	<hanjaVO index="892">
		<h>浴</h>
		<k>목욕할 욕</k>
	</hanjaVO>
	<hanjaVO index="893">
		<h>執</h>
		<k>잡을 집</k>
	</hanjaVO>
	<hanjaVO index="894">
		<h>熱</h>
		<k>더울 열</k>
	</hanjaVO>
	<hanjaVO index="895">
		<h>願</h>
		<k>원할 원</k>
	</hanjaVO>
	<hanjaVO index="896">
		<h>凉</h>
		<k>서늘할 량</k>
	</hanjaVO>
	<hanjaVO index="897">
		<h>驢</h>
		<k>나귀 려</k>
	</hanjaVO>
	<hanjaVO index="898">
		<h>騾</h>
		<k>노새 라</k>
	</hanjaVO>
	<hanjaVO index="899">
		<h>犢</h>
		<k>송아지 독</k>
	</hanjaVO>
	<hanjaVO index="900">
		<h>特</h>
		<k>특별 특</k>
	</hanjaVO>
	<hanjaVO index="901">
		<h>駭</h>
		<k>놀랄 해</k>
	</hanjaVO>
	<hanjaVO index="902">
		<h>躍</h>
		<k>뛸 약</k>
	</hanjaVO>
	<hanjaVO index="903">
		<h>超</h>
		<k>넘을 초</k>
	</hanjaVO>
	<hanjaVO index="904">
		<h>驤</h>
		<k>달릴 양</k>
	</hanjaVO>
	<hanjaVO index="905">
		<h>誅</h>
		<k>벨 주</k>
	</hanjaVO>
	<hanjaVO index="906">
		<h>斬</h>
		<k>벨 참</k>
	</hanjaVO>
	<hanjaVO index="907">
		<h>賊</h>
		<k>도적 적</k>
	</hanjaVO>
	<hanjaVO index="908">
		<h>盜</h>
		<k>도적 도</k>
	</hanjaVO>
	<hanjaVO index="909">
		<h>捕</h>
		<k>잡을 포</k>
	</hanjaVO>
	<hanjaVO index="910">
		<h>獲</h>
		<k>얻을 획</k>
	</hanjaVO>
	<hanjaVO index="911">
		<h>叛</h>
		<k>배반할 반</k>
	</hanjaVO>
	<hanjaVO index="912">
		<h>亡</h>
		<k>망할 망/없을 무</k>
	</hanjaVO>
	<hanjaVO index="913">
		<h>布</h>
		<k>베 포</k>
	</hanjaVO>
	<hanjaVO index="914">
		<h>射</h>
		<k>쏠 사</k>
	</hanjaVO>
	<hanjaVO index="915">
		<h>僚</h>
		<k>벗 료</k>
	</hanjaVO>
	<hanjaVO index="916">
		<h>丸</h>
		<k>알 환</k>
	</hanjaVO>
	<hanjaVO index="917">
		<h>嵇</h>
		<k>산이름 혜</k>
	</hanjaVO>
	<hanjaVO index="918">
		<h>琴</h>
		<k>거문고 금</k>
	</hanjaVO>
	<hanjaVO index="919">
		<h>阮</h>
		<k>악기 완</k>
	</hanjaVO>
	<hanjaVO index="920">
		<h>嘯</h>
		<k>휘파람 소</k>
	</hanjaVO>
	<hanjaVO index="921">
		<h>恬</h>
		<k>편안 념</k>
	</hanjaVO>
	<hanjaVO index="922">
		<h>筆</h>
		<k>붓 필</k>
	</hanjaVO>
	<hanjaVO index="923">
		<h>倫</h>
		<k>인륜 륜</k>
	</hanjaVO>
	<hanjaVO index="924">
		<h>紙</h>
		<k>종이 지</k>
	</hanjaVO>
	<hanjaVO index="925">
		<h>鈞</h>
		<k>고를 균</k>
	</hanjaVO>
	<hanjaVO index="926">
		<h>巧</h>
		<k>공교할 교</k>
	</hanjaVO>
	<hanjaVO index="927">
		<h>任</h>
		<k>맡길 임</k>
	</hanjaVO>
	<hanjaVO index="928">
		<h>釣</h>
		<k>낚시 조</k>
	</hanjaVO>
	<hanjaVO index="929">
		<h>釋</h>
		<k>놓을 석</k>
	</hanjaVO>
	<hanjaVO index="930">
		<h>紛</h>
		<k>어지러울 분</k>
	</hanjaVO>
	<hanjaVO index="931">
		<h>利</h>
		<k>이로울/날카로울 리</k>
	</hanjaVO>
	<hanjaVO index="932">
		<h>俗</h>
		<k>풍속 속</k>
	</hanjaVO>
	<hanjaVO index="933">
		<h>竝</h>
		<k>아우를 병</k>
	</hanjaVO>
	<hanjaVO index="934">
		<h>皆</h>
		<k>다 개</k>
	</hanjaVO>
	<hanjaVO index="935">
		<h>佳</h>
		<k>아름다울 가</k>
	</hanjaVO>
	<hanjaVO index="936">
		<h>妙</h>
		<k>묘할 묘</k>
	</hanjaVO>
	<hanjaVO index="937">
		<h>毛</h>
		<k>털 모</k>
	</hanjaVO>
	<hanjaVO index="938">
		<h>施</h>
		<k>베풀 시</k>
	</hanjaVO>
	<hanjaVO index="939">
		<h>淑</h>
		<k>맑을 숙</k>
	</hanjaVO>
	<hanjaVO index="940">
		<h>姿</h>
		<k>모양 자</k>
	</hanjaVO>
	<hanjaVO index="941">
		<h>工</h>
		<k>장인 공</k>
	</hanjaVO>
	<hanjaVO index="942">
		<h>顰</h>
		<k>찡그릴 빈</k>
	</hanjaVO>
	<hanjaVO index="943">
		<h>姸</h>
		<k>고울 연</k>
	</hanjaVO>
	<hanjaVO index="944">
		<h>笑</h>
		<k>웃을 소</k>
	</hanjaVO>
	<hanjaVO index="945">
		<h>年</h>
		<k>해 년</k>
	</hanjaVO>
	<hanjaVO index="946">
		<h>矢</h>
		<k>화살 시</k>
	</hanjaVO>
	<hanjaVO index="947">
		<h>每</h>
		<k>매양 매</k>
	</hanjaVO>
	<hanjaVO index="948">
		<h>催</h>
		<k>재촉 최</k>
	</hanjaVO>
	<hanjaVO index="949">
		<h>曦</h>
		<k>햇빛 희</k>
	</hanjaVO>
	<hanjaVO index="950">
		<h>暉</h>
		<k>빛날 휘</k>
	</hanjaVO>
	<hanjaVO index="951">
		<h>朗</h>
		<k>밝을 랑</k>
	</hanjaVO>
	<hanjaVO index="952">
		<h>耀</h>
		<k>빛날 요</k>
	</hanjaVO>
	<hanjaVO index="953">
		<h>璇</h>
		<k>구슬 선</k>
	</hanjaVO>
	<hanjaVO index="954">
		<h>璣</h>
		<k>구슬 기</k>
	</hanjaVO>
	<hanjaVO index="955">
		<h>懸</h>
		<k>달 현</k>
	</hanjaVO>
	<hanjaVO index="956">
		<h>斡</h>
		<k>빙빙돌 알</k>
	</hanjaVO>
	<hanjaVO index="957">
		<h>晦</h>
		<k>그믐 회</k>
	</hanjaVO>
	<hanjaVO index="958">
		<h>魄</h>
		<k>넋 백</k>
	</hanjaVO>
	<hanjaVO index="959">
		<h>環</h>
		<k>고리 환</k>
	</hanjaVO>
	<hanjaVO index="960">
		<h>照</h>
		<k>비칠 조</k>
	</hanjaVO>
	<hanjaVO index="961">
		<h>指</h>
		<k>손가락 지</k>
	</hanjaVO>
	<hanjaVO index="962">
		<h>薪</h>
		<k>섶나무 신</k>
	</hanjaVO>
	<hanjaVO index="963">
		<h>修</h>
		<k>닦을 수</k>
	</hanjaVO>
	<hanjaVO index="964">
		<h>祐</h>
		<k>복 우</k>
	</hanjaVO>
	<hanjaVO index="965">
		<h>永</h>
		<k>길 영</k>
	</hanjaVO>
	<hanjaVO index="966">
		<h>綏</h>
		<k>편안 수</k>
	</hanjaVO>
	<hanjaVO index="967">
		<h>吉</h>
		<k>길할 길</k>
	</hanjaVO>
	<hanjaVO index="968">
		<h>劭</h>
		<k>아름다울 소</k>
	</hanjaVO>
	<hanjaVO index="969">
		<h>矩</h>
		<k>법 구</k>
	</hanjaVO>
	<hanjaVO index="970">
		<h>步</h>
		<k>걸음 보</k>
	</hanjaVO>
	<hanjaVO index="971">
		<h>引</h>
		<k>끌 인</k>
	</hanjaVO>
	<hanjaVO index="972">
		<h>領</h>
		<k>거느릴 령</k>
	</hanjaVO>
	<hanjaVO index="973">
		<h>俯</h>
		<k>굽을 부</k>
	</hanjaVO>
	<hanjaVO index="974">
		<h>仰</h>
		<k>우러를 앙</k>
	</hanjaVO>
	<hanjaVO index="975">
		<h>廊</h>
		<k>행랑 랑</k>
	</hanjaVO>
	<hanjaVO index="976">
		<h>廟</h>
		<k>사당 묘</k>
	</hanjaVO>
	<hanjaVO index="977">
		<h>束</h>
		<k>묶을 속</k>
	</hanjaVO>
	<hanjaVO index="978">
		<h>帶</h>
		<k>띠 대</k>
	</hanjaVO>
	<hanjaVO index="979">
		<h>矜</h>
		<k>자랑 긍</k>
	</hanjaVO>
	<hanjaVO index="980">
		<h>莊</h>
		<k>씩씩할 장</k>
	</hanjaVO>
	<hanjaVO index="981">
		<h>徘</h>
		<k>배회 배</k>
	</hanjaVO>
	<hanjaVO index="982">
		<h>徊</h>
		<k>배회 회</k>
	</hanjaVO>
	<hanjaVO index="983">
		<h>瞻</h>
		<k>쳐다볼 첨</k>
	</hanjaVO>
	<hanjaVO index="984">
		<h>眺</h>
		<k>바라볼 조</k>
	</hanjaVO>
	<hanjaVO index="985">
		<h>孤</h>
		<k>외로울 고</k>
	</hanjaVO>
	<hanjaVO index="986">
		<h>陋</h>
		<k>더러울 루</k>
	</hanjaVO>
	<hanjaVO index="987">
		<h>寡</h>
		<k>적을 과</k>
	</hanjaVO>
	<hanjaVO index="988">
		<h>聞</h>
		<k>들을 문</k>
	</hanjaVO>
	<hanjaVO index="989">
		<h>愚</h>
		<k>어리석을 우</k>
	</hanjaVO>
	<hanjaVO index="990">
		<h>蒙</h>
		<k>어릴 몽</k>
	</hanjaVO>
	<hanjaVO index="991">
		<h>等</h>
		<k>등급 등</k>
	</hanjaVO>
	<hanjaVO index="992">
		<h>誚</h>
		<k>꾸짖을 초</k>
	</hanjaVO>
	<hanjaVO index="993">
		<h>謂</h>
		<k>이를 위</k>
	</hanjaVO>
	<hanjaVO index="994">
		<h>語</h>
		<k>말씀 어</k>
	</hanjaVO>
	<hanjaVO index="995">
		<h>助</h>
		<k>도울 조</k>
	</hanjaVO>
	<hanjaVO index="996">
		<h>者</h>
		<k>놈 자</k>
	</hanjaVO>
	<hanjaVO index="997">
		<h>焉</h>
		<k>어찌 언</k>
	</hanjaVO>
	<hanjaVO index="998">
		<h>哉</h>
		<k>어조사 재</k>
	</hanjaVO>
	<hanjaVO index="999">
		<h>乎</h>
		<k>어조사 호</k>
	</hanjaVO>
	<hanjaVO index="1000">
		<h>也</h>
		<k>어조사 야</k>
	</hanjaVO>
</천자문>