<?xml version="1.0" encoding="UTF-8"?>
<beans xmlns="http://www.springframework.org/schema/beans"
	xmlns:xsi="http://www.w3.org/2001/XMLSchema-instance"
	xmlns:batch="http://www.springframework.org/schema/batch"
	xsi:schemaLocation="http://www.springframework.org/schema/batch http://www.springframework.org/schema/batch/spring-batch.xsd
		http://www.springframework.org/schema/beans http://www.springframework.org/schema/beans/spring-beans.xsd">
	
	<!-- 일을 저장할 저장소를 만든다. -->
	<bean id="jobRepository" class="org.springframework.batch.core.repository.support.MapJobRepositoryFactoryBean" />
 
    <bean id="jobLauncher"   class="org.springframework.batch.core.launch.support.SimpleJobLauncher">
        <property name="jobRepository" ref="jobRepository" />
    </bean>
    
    <!-- 일을 등록한다. -->	
    <!-- 1. 읽기 등록 -->
    <!-- 텍스트 파일을 읽을때는 FlatFileItemReader를 이용한다. -->
    <bean id="flatFileItemReader" class="org.springframework.batch.item.file.FlatFileItemReader"  scope="step">
    	<!-- 읽은 파일명 지정 -->
        <property name="resource" value="classpath:examResult.txt" />
        <!-- 1줄씩 읽을때 처리 내용 기술 -->
        <property name="lineMapper">
        	<!-- 라인맵퍼 지정(사용자가 FieldSetMapper를 구현하여 만든 클래스 지정), 구분자 지정!! -->
            <bean class="org.springframework.batch.item.file.mapping.DefaultLineMapper">
                <property name="fieldSetMapper">
                    <bean class="kr.human.app.service.ExamResultFieldSetMapper" />
                </property>
                <property name="lineTokenizer">
                    <!-- 구분자 -->
                    <bean class="org.springframework.batch.item.file.transform.DelimitedLineTokenizer">
                        <property name="delimiter" value="|" />
                    </bean>
                </property>
            </bean>
        </property>
    </bean>
    <!-- 2. 쓰기 등록 -->
    <!-- XML 파일로 쓰기할때는 StaxEventItemWriter를 이용한다. -->
    <bean id="xmlItemWriter" class="org.springframework.batch.item.xml.StaxEventItemWriter">
    	<!-- 저장할 파일이름 -->
        <property name="resource" value="file:examResult.xml" />
        <!-- 루트 태그 이름 지정 -->
        <property name="rootTagName" value="UniversityExamResultList" />
        <!-- 먀살링 지정 -->
        <property name="marshaller">
            <bean class="org.springframework.oxm.jaxb.Jaxb2Marshaller">
                <property name="classesToBeBound">
                    <list>
                        <value>kr.human.app.vo.ExamResult</value>
                    </list>
                </property>
            </bean>
        </property>
    </bean>
    
    <!-- 선택사항 : 1줄씩 처리할때 사용할 클래스 지정 -->
    <bean id="itemProcessor" class="kr.human.app.service.ExamResultItemProcessor" />
 
    <!-- 선택사항 : 작업을 시작하고 종료할때 사용할 클래스 지정 -->
    <bean id="jobListener" class="kr.human.app.service.ExamResultJobListener" />
 
    <!--트랜젝션 메니저 지정 -->
    <bean id="transactionManager" class="org.springframework.batch.support.transaction.ResourcelessTransactionManager" />
    
    <!-- 실제 처리할 일의 순서를 지정한다. 실행기이다. -->
    <batch:job id="examResultJob">
        <batch:step id="step1">
            <batch:tasklet transaction-manager="transactionManager">
                <batch:chunk reader="flatFileItemReader" writer="xmlItemWriter"  processor="itemProcessor" commit-interval="10" />
            </batch:tasklet>
        </batch:step>
        <batch:listeners>
            <batch:listener ref="jobListener" />
        </batch:listeners>
    </batch:job>
    
    
</beans>		