<?xml version="1.0" encoding="UTF-8"?>
<beans:beans xmlns="http://www.springframework.org/schema/mvc"
	xmlns:xsi="http://www.w3.org/2001/XMLSchema-instance"
	xmlns:beans="http://www.springframework.org/schema/beans"
	xmlns:context="http://www.springframework.org/schema/context"
	xsi:schemaLocation="http://www.springframework.org/schema/mvc https://www.springframework.org/schema/mvc/spring-mvc.xsd
		http://www.springframework.org/schema/beans https://www.springframework.org/schema/beans/spring-beans.xsd
		http://www.springframework.org/schema/context https://www.springframework.org/schema/context/spring-context.xsd">

	<!-- DispatcherServlet Context: defines this servlet's request-processing infrastructure -->
	
	<!-- Enables the Spring MVC @Controller programming model -->
	<annotation-driven />

	<!-- Handles HTTP GET requests for /resources/** by efficiently serving up static resources in the ${webappRoot}/resources directory -->
	<resources mapping="/resources/**" location="/resources/" />
	<!-- webjars를 사용하기 위해서는 직접 접근이 가능하도록 해줘야 한다. -->
	<resources mapping="/webjars/**" location="/webjars/" />
	
	<!--  파일 업로드 설정 시작 ************************************************************************ -->
	<!-- 1. 업로드될 폴더를 컨트롤러에서 제외 시켜줘야한다. -->
	<resources mapping="/upload/**" location="/upload/" />
	<!-- 2. 업로드될 경로를 등록해준다. -->
	<beans:bean id="uploadPath" class="java.lang.String">
		<beans:constructor-arg value="upload"/>
	</beans:bean>
	<!-- 3.업로드를 담당할 객체를 등록 -->
	<beans:bean id="multipartResolver" class="org.springframework.web.multipart.commons.CommonsMultipartResolver">
		<beans:property name="defaultEncoding" value="UTF-8"/>
		<beans:property name="maxInMemorySize" value="10240000"/>
		<beans:property name="maxUploadSize" value="20480000"/>
	</beans:bean>
	<!-- 4. 다운로드를 담당할 객체를 등록 -->
	<beans:bean class="org.springframework.web.servlet.view.BeanNameViewResolver">
		<beans:property name="order" value="0"/>
	</beans:bean>
	<!--  5. 실제 다운로드를 담당할 클래스를 만들어 등록한다. download.jsp를 참조해서 만든다. -->
	<beans:bean class="kr.human.mvc.service.FileDownloadView" id="fileDownloadView"/>
	<!--  파일 업로드 설정 종료 ************************************************************************ -->
	
	<!-- Resolves views selected for rendering by @Controllers to .jsp resources in the /WEB-INF/views directory -->
	<beans:bean class="org.springframework.web.servlet.view.InternalResourceViewResolver">
		<beans:property name="prefix" value="/WEB-INF/views/" />
		<beans:property name="suffix" value=".jsp" />
	</beans:bean>
	
	<context:component-scan base-package="kr.human.mvc" />
	
</beans:beans>
