<?xml version="1.0" encoding="UTF-8"?>
<beans xmlns="http://www.springframework.org/schema/beans"
	xmlns:xsi="http://www.w3.org/2001/XMLSchema-instance"
	xmlns:context="http://www.springframework.org/schema/context"
	xsi:schemaLocation="http://www.springframework.org/schema/beans https://www.springframework.org/schema/beans/spring-beans.xsd http://www.springframework.org/schema/context http://www.springframework.org/schema/context/spring-context-4.3.xsd">
	
	<!-- Root Context: defines shared resources visible to all other web components -->
	<!-- 프로퍼티 파일을 사용하겠다. -->
	<context:property-placeholder
		location="classpath:jdbc.properties" />

	<!-- DB 연결 -->
	<!-- 오라클연결 -->
	<bean id="dataSource"
		class="org.springframework.jdbc.datasource.DriverManagerDataSource">
		<property name="driverClassName" value="${o.driver}" />
		<property name="url" value="${o.url}" />
		<property name="username" value="${o.username}" />
		<property name="password" value="${o.password}" />
	</bean>

	<!-- JdbcTemplate 등록 -->
	<bean id="jdbcTemplate"
		class="org.springframework.jdbc.core.JdbcTemplate">
		<property name="dataSource" ref="dataSource" />
	</bean>	
	
	<!-- Mybatis 등록 -->
	<!-- 
	<bean id="sqlSessionFactory" class="org.mybatis.spring.SqlSessionFactoryBean">
		<property name="dataSource" ref="dataSource"/>
		<property name="typeAliasesPackage" value="kr.human.mvc.vo"/>
		<property name="mapperLocations" value="classpath:kr/human/mvc/dao/*.xml"/>
	</bean> 
	 -->
	<!-- 이것을 추가하면 DAOImpl을 만들지 않아도 자동으로 된다. -->
	<bean class="org.mybatis.spring.mapper.MapperScannerConfigurer">
		<property name="basePackage" value="kr.human.mvc.dao"/>
		<property name="sqlSessionFactoryBeanName" value="sqlSessionFactory"/>
	</bean>			
</beans>
