<?xml version="1.0" encoding="UTF-8"?>
<beans xmlns="http://www.springframework.org/schema/beans"
	xmlns:xsi="http://www.w3.org/2001/XMLSchema-instance"
	xmlns:context="http://www.springframework.org/schema/context"
	xmlns:util="http://www.springframework.org/schema/util"
	xsi:schemaLocation="http://www.springframework.org/schema/beans http://www.springframework.org/schema/beans/spring-beans.xsd
		http://www.springframework.org/schema/context http://www.springframework.org/schema/context/spring-context-4.3.xsd
		http://www.springframework.org/schema/util http://www.springframework.org/schema/util/spring-util-4.3.xsd">

	<!-- 지정한 패키지의 모든 클래스를 읽어서 자동으로 등록해라!!!! -->
	<context:component-scan base-package="kr.human.app"></context:component-scan>
	
	<!-- 3. context 네임스페이스를 사용하는 방법 -->
	<context:property-placeholder location="classpath:*.properties"/>
	
	<!-- DB연결 -->
	<bean id="dataSource" class="org.springframework.jdbc.datasource.DriverManagerDataSource">
		<property name="driverClassName" value="${m.driver}"></property>
		<property name="url" value="${m.url}"></property>
		<property name="username"  value="${m.username}"></property>
		<property name="password" value="${m.password}"></property>
	</bean>
	
	<!-- JdbcTemplate 등록 -->
	<bean id="jdbcTemplate" class="org.springframework.jdbc.core.JdbcTemplate">
		<property name="dataSource" ref="dataSource"/>
	</bean>

	<!-- ibatis 객체 등록 -->
	<!-- 
	<bean id="sqlMapClient" class="org.springframework.orm.ibatis.SqlMapClientFactoryBean">
		<property name="dataSource" ref="dataSource"/>
		<property name="configLocation" value="classpath:SqlMapConfig.xml"/>
	</bean>
	 -->
	
	<!-- Mybatis 등록 -->
	<bean id="sqlSessionFactory" class="org.mybatis.spring.SqlSessionFactoryBean">
		<property name="dataSource" ref="dataSource" />
		<property name="typeAliasesPackage" value="kr.human.app.vo" />
		<property name="mapperLocations" 	value="classpath:/kr/human/app/dao/*.xml" />
	</bean>	
	<!-- 이것을 추가해야 DAOImple을 만들지 않아도 된다. -->
	<bean class="org.mybatis.spring.mapper.MapperScannerConfigurer">
		<property name="basePackage" value="kr.human.app.dao"/>
		<property name="sqlSessionFactoryBeanName" value="sqlSessionFactory"/>
	</bean>
</beans>
