<?xml version="1.0" encoding="UTF-8"?>
<!DOCTYPE mapper
  PUBLIC "-//mybatis.org//DTD Mapper 3.0//EN"
  "http://mybatis.org/dtd/mybatis-3-mapper.dtd">
<mapper namespace="kr.human.app.dao.PeopleDAO">
	<select id="selectList" resultType="PeopleVO">
		select * from people order by idx desc
	</select>
	<insert id="insert" parameterType="PeopleVO">
		insert into people (name, age) values (#{name}, #{age})
	</insert>
	<update id="update" parameterType="PeopleVO">
		update people set name=#{name}, age=#{age} where idx=#{idx}
	</update>
	<delete id="delete" parameterType="int">
		delete from people where idx=#{idx}
	</delete>
	
	<select id="selectByIdx" parameterType="int" resultType="PeopleVO">
		select * from people where idx = #{idx}
	</select>
	
	
</mapper>