<?xml version="1.0" encoding="UTF-8"?>
<!DOCTYPE mapper
  PUBLIC "-//mybatis.org//DTD Mapper 3.0//EN"
  "http://mybatis.org/dtd/mybatis-3-mapper.dtd">
<mapper namespace="kr.human.boot.dao.MyBoardtDAO">
	<!-- 1. 개수세기 -->
	<select id="selectCount" resultType="int">
		select count(*) from myboard
	</select>
	<!-- 2. 1개 얻기 -->
	<select id="selectByIdx" parameterType="int" resultType="MyBoardVO">
		select * from myboard where idx=#{idx}
	</select>
	<!-- 3. 1페이지 얻기 -->
	<select id="selectList" parameterType="hashmap" resultType="MyBoardVO">
		select
			R.*
		from	
			( select 
				rownum rnum, Q.*
			  from	
				(select * from myboard order by idx desc) Q
			  where
				<![CDATA[ 
			  	rownum <= #{endNo} 
				]]>
			) R
		where	
			<![CDATA[
			rnum>=#{startNo} 
			]]>
	</select>
	<!-- 4. 저장하기 -->
	<insert id="insert" parameterType="MyBoardVO">
		insert into 
			myboard 
		values 
			(myboard_idx_seq.nextval,#{name},#{password},#{subject},#{content},sysdate,0,#{ip}) 
	</insert>
	<!-- 5. 수정하기 -->
	<update id="update" parameterType="MyBoardVO">
		update 
			myboard
		set
			subject=#{subject},
			content=#{content},
			regDate=sysdate,
			ip=#{ip}
		where
			idx = #{idx}
	</update>
	<!-- 6. 삭제하기 -->
	<delete id="delete" parameterType="int">
		delete from myboard where idx=#{idx}
	</delete>
	<!-- 7. 조회수 증가하기 -->
	<update id="incrementReadCount" parameterType="int">
		update myboard set readCount = readCount + 1 where idx=#{idx}
	</update>
</mapper>  
