<?xml version="1.0" encoding="UTF-8"?>
<!DOCTYPE mapper
  PUBLIC "-//mybatis.org//DTD Mapper 3.0//EN"
  "http://mybatis.org/dtd/mybatis-3-mapper.dtd">
<mapper namespace="kr.human.mvc.dao.GuestDAO">
		<!-- 1. 1 페이지 얻기 -->
	<select id="selectList" parameterType="hashmap" resultType="guestVO">
		<![CDATA[
		select
			R.*
		from
			(select
				rownum rnum, Q.*
			from
				(SELECT * FROM guest ORDER BY idx desc) Q
			WHERE 
				rownum <= #{endNo})  R
		WHERE 
			rnum >= #{startNo}
		]]>
	</select>
	<!-- 2. 저장 -->
	<insert id="insert" parameterType="guestVO">
		insert into guest 
		values 
		(guest_idx_seq.nextval, #{name}, #{password}, #{content}, SYSDATE, #{ip})
	</insert>
	<!-- 3. 수정 -->
	<update id="update" parameterType="guestVO">
		update guest set content=#{content}, regDate=SYSDATE, ip=#{ip} where idx=#{idx}
	</update>
	<!-- 4. 삭제 -->
	<delete id="delete" parameterType="int">
		delete from guest where idx=#{idx}
	</delete>
	<!-- 5. 1개얻기 -->
	<select id="selectByIdx" parameterType="int" resultType="guestVO">
		select * from guest where idx=#{idx}
	</select>
	<!-- 6. 전체 개수 얻기 -->
	<select id="selectCount" resultType="int">
		select count(*) from guest 
	</select>
</mapper>  