<?xml version="1.0" encoding="UTF-8"?>
<beans xmlns="http://www.springframework.org/schema/beans"
	xmlns:xsi="http://www.w3.org/2001/XMLSchema-instance"
	xmlns:context="http://www.springframework.org/schema/context"
	xmlns:task="http://www.springframework.org/schema/task"
	xsi:schemaLocation="http://www.springframework.org/schema/task http://www.springframework.org/schema/task/spring-task-4.3.xsd
	http://www.springframework.org/schema/beans http://www.springframework.org/schema/beans/spring-beans.xsd
	http://www.springframework.org/schema/context http://www.springframework.org/schema/context/spring-context-4.3.xsd">

	<!-- 자동으로 스캔해서 빈을 등록해라. -->
	<context:component-scan base-package="kr.human.app"/>
	
	<!-- 작업을 등록한다. -->
	<!-- myBean객체의 printMessage1를 등록 -->
	<bean id="simpleJobDetail"
		class="org.springframework.scheduling.quartz.MethodInvokingJobDetailFactoryBean">
		<property name="targetObject" ref="myBean" />
		<property name="targetMethod" value="printMessage1" />
	</bean>	
	
	<!--ScheduledJob 의 anotherBean변수를 등록 -->
	<bean name="complexJobDetail"
		class="org.springframework.scheduling.quartz.JobDetailFactoryBean">
		<property name="jobClass" value="kr.human.app.service.ScheduledJob" />
		<property name="jobDataMap">
			<map>
				<entry key="anotherBean" value-ref="anotherBean" />
			</map>
		</property>
		<property name="durability" value="true" />
	</bean>
	
	
	<!-- 작업 실행기 등록 -->
	<!-- simpleJobDetail 실행기 -->
	<bean id="simpleTrigger"  class="org.springframework.scheduling.quartz.SimpleTriggerFactoryBean">
	    <property name="jobDetail" ref="simpleJobDetail" />
	    <property name="startDelay" value="1000" />
	    <property name="repeatInterval" value="2000" />
	</bean>
	<!-- 클론식으로 complexJobDetail 실행기 -->
	<!-- Run the job every 5 seconds only on Weekends -->
	<bean id="cronTrigger"  class="org.springframework.scheduling.quartz.CronTriggerFactoryBean">
	    <property name="jobDetail" ref="complexJobDetail" />
	    <property name="cronExpression" value="0/5 * * ? * MON-FRI" />
	</bean>
	
	<!-- 작업 실행!!!! -->
	<bean  class="org.springframework.scheduling.quartz.SchedulerFactoryBean">
		<!-- 작업 내용 지정 -->
	    <property name="jobDetails">
	        <list>
	            <ref bean="simpleJobDetail" />
	            <ref bean="complexJobDetail" />
	        </list>
	    </property>
	 	<!-- 작업 실행기 지정 -->
	    <property name="triggers">
	        <list>
	            <ref bean="simpleTrigger" />
	            <ref bean="cronTrigger" />
	        </list>
	    </property>
	</bean>	
	
</beans>
