<?xml version="1.0" encoding="UTF-8"?>
<beans xmlns="http://www.springframework.org/schema/beans"
	xmlns:xsi="http://www.w3.org/2001/XMLSchema-instance"
	xmlns:context="http://www.springframework.org/schema/context"
	xsi:schemaLocation="http://www.springframework.org/schema/beans https://www.springframework.org/schema/beans/spring-beans.xsd http://www.springframework.org/schema/context http://www.springframework.org/schema/context/spring-context-4.3.xsd">

	<!-- Root Context: defines shared resources visible to all other web components -->
	<!-- 프로퍼티 파일을 사용하겠다. -->
	<context:property-placeholder
		location="classpath:jdbc.properties" />

	<!-- DB 연결 -->
	<!-- 마리아디비 연결 -->
	<bean id="dataSource1"
		class="org.springframework.jdbc.datasource.DriverManagerDataSource">
		<property name="driverClassName" value="${m.driver}" />
		<property name="url" value="${m.url}" />
		<property name="username" value="${m.username}" />
		<property name="password" value="${m.password}" />
	</bean>
	<!-- 오라클연결 -->
	<bean id="dataSource2"
		class="org.springframework.jdbc.datasource.DriverManagerDataSource">
		<property name="driverClassName" value="${o.driver}" />
		<property name="url" value="${o.url}" />
		<property name="username" value="${o.username}" />
		<property name="password" value="${o.password}" />
	</bean>

	<!-- JdbcTemplate 등록 -->
	<bean id="jdbcTemplate1"
		class="org.springframework.jdbc.core.JdbcTemplate">
		<property name="dataSource" ref="dataSource1" />
	</bean>
	<bean id="jdbcTemplate2"
		class="org.springframework.jdbc.core.JdbcTemplate">
		<property name="dataSource" ref="dataSource2" />
	</bean>
</beans>
